phi_orientation_order,entropy_simplified,entropy_weighted,median_street_segment_length,avg_circuity,avg_node_degree,p_dead_ends,p_four_way,phi_shape_factor0,phi_shape_factor1,phi_shape_factor2,phi_shape_factor3,phi_shape_factor4,phi_shape_factor5,phi_shape_factor6,phi_shape_factor7,phi_shape_factor8,phi_shape_factor9,phi_shape_factor10,phi_shape_factor11,phi_shape_factor12,phi_shape_factor13,phi_shape_factor14,phi_shape_factor15,phi_shape_factor16,phi_shape_factor17,phi_shape_factor18,phi_shape_factor19,phi_shape_factor20,phi_shape_factor21,phi_shape_factor22,phi_shape_factor23,phi_shape_factor24,phi_shape_factor25,phi_shape_factor26,phi_shape_factor27,phi_shape_factor28,phi_shape_factor29,phi_log_area_2_3_0,phi_log_area_2_3_1,phi_log_area_2_3_2,phi_log_area_2_3_3,phi_log_area_2_3_4,phi_log_area_2_3_5,phi_log_area_2_3_6,phi_log_area_2_3_7,phi_log_area_2_3_8,phi_log_area_2_3_9,phi_log_area_2_3_10,phi_log_area_2_3_11,phi_log_area_2_3_12,phi_log_area_2_3_13,phi_log_area_2_3_14,phi_log_area_2_3_15,phi_log_area_2_3_16,phi_log_area_2_3_17,phi_log_area_2_3_18,phi_log_area_2_3_19,phi_log_area_2_3_20,phi_log_area_2_3_21,phi_log_area_2_3_22,phi_log_area_2_3_23,phi_log_area_2_3_24,phi_log_area_2_3_25,phi_log_area_2_3_26,phi_log_area_2_3_27,phi_log_area_2_3_28,phi_log_area_2_3_29,phi_log_area_3_4_0,phi_log_area_3_4_1,phi_log_area_3_4_2,phi_log_area_3_4_3,phi_log_area_3_4_4,phi_log_area_3_4_5,phi_log_area_3_4_6,phi_log_area_3_4_7,phi_log_area_3_4_8,phi_log_area_3_4_9,phi_log_area_3_4_10,phi_log_area_3_4_11,phi_log_area_3_4_12,phi_log_area_3_4_13,phi_log_area_3_4_14,phi_log_area_3_4_15,phi_log_area_3_4_16,phi_log_area_3_4_17,phi_log_area_3_4_18,phi_log_area_3_4_19,phi_log_area_3_4_20,phi_log_area_3_4_21,phi_log_area_3_4_22,phi_log_area_3_4_23,phi_log_area_3_4_24,phi_log_area_3_4_25,phi_log_area_3_4_26,phi_log_area_3_4_27,phi_log_area_3_4_28,phi_log_area_3_4_29,phi_log_area_4_5_0,phi_log_area_4_5_1,phi_log_area_4_5_2,phi_log_area_4_5_3,phi_log_area_4_5_4,phi_log_area_4_5_5,phi_log_area_4_5_6,phi_log_area_4_5_7,phi_log_area_4_5_8,phi_log_area_4_5_9,phi_log_area_4_5_10,phi_log_area_4_5_11,phi_log_area_4_5_12,phi_log_area_4_5_13,phi_log_area_4_5_14,phi_log_area_4_5_15,phi_log_area_4_5_16,phi_log_area_4_5_17,phi_log_area_4_5_18,phi_log_area_4_5_19,phi_log_area_4_5_20,phi_log_area_4_5_21,phi_log_area_4_5_22,phi_log_area_4_5_23,phi_log_area_4_5_24,phi_log_area_4_5_25,phi_log_area_4_5_26,phi_log_area_4_5_27,phi_log_area_4_5_28,phi_log_area_4_5_29,zoom,blocks_area,span_lat,span_lon,number_of_blocks,n_blocks_by_shape_factor0,n_blocks_by_shape_factor1,n_blocks_by_shape_factor2,n_blocks_by_shape_factor3,n_blocks_by_shape_factor4,n_blocks_by_shape_factor5,n_blocks_by_shape_factor6,n_blocks_by_shape_factor7,n_blocks_by_shape_factor8,n_blocks_by_shape_factor9,n_blocks_by_shape_factor10,n_blocks_by_shape_factor11,n_blocks_by_shape_factor12,n_blocks_by_shape_factor13,n_blocks_by_shape_factor14,n_blocks_by_shape_factor15,n_blocks_by_shape_factor16,n_blocks_by_shape_factor17,n_blocks_by_shape_factor18,n_blocks_by_shape_factor19,n_blocks_by_shape_factor20,n_blocks_by_shape_factor21,n_blocks_by_shape_factor22,n_blocks_by_shape_factor23,n_blocks_by_shape_factor24,n_blocks_by_shape_factor25,n_blocks_by_shape_factor26,n_blocks_by_shape_factor27,n_blocks_by_shape_factor28,n_blocks_by_shape_factor29,area_by_boundary,latitude,longitude,zoom_lat,zoom_lon,city_name,label
0.5139655821765705,2.918361388030325,3.021676487962208,77.99163674755805,1.0903071652593046,2.772128060263653,0.0,0.7099811676082862,0.8064516129032258,0.0,0.3225806451612902,1.4516129032258067,2.7419354838709684,2.741935483870966,3.387096774193549,2.419354838709678,2.419354838709677,2.258064516129033,2.580645161290323,1.7741935483870943,1.4516129032258067,1.451612903225807,1.2903225806451617,0.4838709677419356,0.806451612903226,1.2903225806451617,0.3225806451612904,0.0,0.0,0.0,0.0,0.0,0.0,0.0,0.0,0.0,0.0,0.0,0.0,0.0,0.0,0.1612903225806451,0.1612903225806451,0.6451612903225803,0.3225806451612903,0.0,0.6451612903225807,0.1612903225806451,0.4838709677419355,0.0,0.4838709677419355,0.0,0.1612903225806451,0.1612903225806451,0.0,0.0,0.0,0.0,0.0,0.0,0.0,0.0,0.0,0.0,0.0,0.0,0.0,0.0,0.3225806451612903,0.0,0.3225806451612902,0.3225806451612904,1.612903225806452,1.1290322580645156,1.774193548387097,1.774193548387097,1.4516129032258067,0.4838709677419356,0.6451612903225808,0.8064516129032246,0.806451612903226,0.4838709677419356,0.806451612903226,0.1612903225806452,0.1612903225806452,0.806451612903226,0.3225806451612904,0.0,0.0,0.0,0.0,0.0,0.0,0.0,0.0,0.0,0.0,0.0,0.0,0.0,0.0,0.806451612903226,0.9677419354838712,0.9677419354838704,1.1290322580645165,0.6451612903225808,0.1612903225806452,0.9677419354838712,0.806451612903226,0.9677419354838696,0.1612903225806452,0.6451612903225808,0.3225806451612904,0.1612903225806452,0.3225806451612904,0.3225806451612904,0.0,0.0,0.0,0.0,0.0,0.0,0.0,0.0,0.0,0.0,0.0,0.0,12,5949083.528743959,4.57934105108073,1.2271953143717256,186,0.8064516129032258,0.0,0.3225806451612902,1.4516129032258067,2.7419354838709684,2.741935483870966,3.387096774193549,2.419354838709678,2.419354838709678,2.258064516129033,2.5806451612903234,1.7741935483870943,1.4516129032258067,1.4516129032258067,1.2903225806451617,0.4838709677419355,0.806451612903226,1.2903225806451617,0.3225806451612904,0.0,0.0,0.0,0.0,0.0,0.0,0.0,0.0,0.0,0.0,0.0,3.847654208779754,33.5860218,-112.3051917,12,14,10090611,A
0.1676951991640796,3.3912516757299325,3.3920038289885523,56.85917393035879,1.1291318754905402,2.8143382352941178,0.0,0.6102941176470589,0.9299191374663072,0.889487870619946,1.2533692722371963,1.455525606469003,1.1725067385444747,1.5768194070080852,1.9811320754716983,1.69811320754717,2.4663072776280326,1.5363881401617254,1.495956873315364,2.4663072776280286,2.102425876010782,0.8086253369272238,1.0107816711590298,1.293800539083558,1.3342318059299196,2.183288409703505,2.02156334231806,0.1617250673854448,0.1212938005390835,0.0,0.0404312668463612,0.0,0.0,0.0,0.0,0.0,0.0,0.0,0.0808625336927223,0.1212938005390835,0.4043126684636118,0.5256064690026955,0.5660377358490567,0.7277628032345008,0.7681940700808627,0.3638814016172507,0.5256064690026955,0.3234501347708896,0.3234501347708896,0.4851752021563335,0.4447439353099731,0.1212938005390835,0.1617250673854448,0.4043126684636119,0.7681940700808627,1.0107816711590298,1.0107816711590298,0.0,0.0,0.0,0.0,0.0,0.0,0.0,0.0,0.0,0.0,0.0,0.1212938005390835,0.7681940700808625,0.5660377358490565,0.6469002695417791,0.3234501347708896,0.4851752021563339,0.4851752021563342,0.4851752021563342,0.7277628032345015,0.2425876010781671,0.2425876010781671,0.6064690026954169,0.5660377358490567,0.3638814016172507,0.2021563342318059,0.2830188679245283,0.2425876010781671,0.2425876010781671,0.5256064690026956,0.0808625336927224,0.0404312668463612,0.0,0.0404312668463612,0.0,0.0,0.0,0.0,0.0,0.0,0.0,0.0808625336927223,0.0,0.1617250673854447,0.2021563342318059,0.1617250673854447,0.1617250673854446,0.4043126684636119,0.2830188679245283,0.4851752021563342,0.2021563342318059,0.3638814016172507,0.646900269541778,0.1617250673854447,0.2021563342318059,0.3234501347708895,0.2830188679245283,0.2830188679245283,0.6064690026954179,0.2021563342318059,0.0808625336927223,0.0808625336927223,0.0,0.0,0.0,0.0,0.0,0.0,0.0,0.0,0.0,12,59973801.85339043,3.4785928503372707,3.4537267798725515,742,0.9299191374663072,0.889487870619946,1.2533692722371963,1.455525606469003,1.1725067385444747,1.5768194070080854,1.9811320754716983,1.69811320754717,2.466307277628033,1.5363881401617254,1.495956873315364,2.4663072776280286,2.1024258760107823,0.8086253369272238,1.0107816711590298,1.2938005390835583,1.3342318059299194,2.183288409703505,2.02156334231806,0.1617250673854448,0.1212938005390835,0.0,0.0404312668463612,0.0,0.0,0.0,0.0,0.0,0.0,0.0,5.320919115510048,33.685248599999994,-117.81740195,12,13,10840800,A
0.0725619826044456,3.502752762935122,3.498414602092458,97.26542409211832,1.152863359349135,2.6546762589928057,0.0,0.7338129496402878,1.0135135135135136,0.8108108108108109,0.4054054054054053,1.4189189189189193,1.4189189189189193,2.2297297297297285,1.418918918918919,1.4189189189189193,3.040540540540541,1.8243243243243248,2.837837837837838,2.8378378378378337,2.027027027027027,1.216216216216217,1.216216216216217,2.22972972972973,0.2027027027027027,1.2162162162162165,0.8108108108108111,0.2027027027027027,0.2027027027027027,0.0,0.0,0.0,0.0,0.0,0.0,0.0,0.0,0.0,0.0,0.6081081081081081,0.0,0.4054054054054055,0.6081081081081082,0.4054054054054052,0.4054054054054055,0.4054054054054055,0.8108108108108111,0.2027027027027027,0.6081081081081082,0.6081081081081072,0.2027027027027027,0.4054054054054055,0.4054054054054055,0.2027027027027027,0.0,0.2027027027027027,0.0,0.0,0.0,0.0,0.0,0.0,0.0,0.0,0.0,0.0,0.0,0.0,0.2027027027027027,0.2027027027027027,0.4054054054054053,0.8108108108108111,0.4054054054054055,1.418918918918918,1.0135135135135136,0.6081081081081082,1.4189189189189193,0.8108108108108111,1.2162162162162165,1.013513513513512,0.4054054054054055,0.2027027027027027,0.4054054054054055,0.6081081081081082,0.0,1.0135135135135136,0.8108108108108111,0.2027027027027027,0.0,0.0,0.0,0.0,0.0,0.0,0.0,0.0,0.0,0.0,0.0,0.0,0.0,0.2027027027027027,0.4054054054054055,0.4054054054054051,0.0,0.4054054054054055,0.810810810810811,0.4054054054054055,0.810810810810811,0.8108108108108096,0.6081081081081081,0.4054054054054055,0.2027027027027027,1.2162162162162162,0.2027027027027027,0.0,0.0,0.0,0.2027027027027027,0.0,0.0,0.0,0.0,0.0,0.0,0.0,0.0,0.0,12,4881921.105829975,4.645167972960509,4.41272053662315,148,1.0135135135135136,0.8108108108108109,0.4054054054054053,1.4189189189189193,1.4189189189189193,2.229729729729728,1.4189189189189193,1.4189189189189193,3.040540540540541,1.8243243243243248,2.8378378378378386,2.8378378378378337,2.027027027027027,1.2162162162162165,1.2162162162162165,2.2297297297297303,0.2027027027027027,1.2162162162162165,0.810810810810811,0.2027027027027027,0.2027027027027027,0.0,0.0,0.0,0.0,0.0,0.0,0.0,0.0,0.0,9.637335110172764,38.3512245,-120.7737643,12,12,11049835,A
0.3914755409420615,3.100615350654061,3.240838289250767,62.14979040993383,1.179227452288614,2.873799725651577,0.0,0.654320987654321,0.1851851851851851,0.4938271604938271,1.419753086419753,1.7283950617283954,1.2962962962962965,2.098765432098764,2.037037037037037,3.0864197530864206,1.6049382716049387,2.6543209876543217,1.9753086419753088,2.469135802469132,1.6666666666666672,1.234567901234568,1.1111111111111114,1.2345679012345685,0.9259259259259262,0.8024691358024693,1.4197530864197534,0.308641975308642,0.0617283950617284,0.0,0.1234567901234568,0.0,0.0,0.0617283950617284,0.0,0.0,0.0,0.0,0.0617283950617283,0.1234567901234567,0.6172839506172839,0.6790123456790125,0.7407407407407409,1.1728395061728387,1.1728395061728396,1.6666666666666672,0.4320987654320989,1.234567901234568,0.5555555555555556,0.7407407407407397,0.3703703703703704,0.308641975308642,0.1234567901234568,0.4320987654320989,0.4320987654320989,0.308641975308642,0.4320987654320989,0.1234567901234568,0.0,0.0,0.0,0.0,0.0,0.0,0.0,0.0,0.0,0.0,0.0617283950617283,0.3086419753086419,0.4320987654320987,0.7407407407407409,0.2469135802469136,0.3703703703703701,0.308641975308642,0.5555555555555557,0.2469135802469136,0.8024691358024694,0.2469135802469136,0.4938271604938264,0.4320987654320988,0.1851851851851852,0.2469135802469136,0.3703703703703704,0.0617283950617284,0.1851851851851852,0.4320987654320988,0.0,0.0,0.0,0.1234567901234568,0.0,0.0,0.0617283950617284,0.0,0.0,0.0,0.0,0.0,0.0617283950617283,0.3703703703703703,0.2469135802469136,0.2469135802469136,0.4320987654320985,0.2469135802469136,0.4938271604938273,0.308641975308642,0.1234567901234568,0.2469135802469136,0.3703703703703699,0.4938271604938273,0.3703703703703704,0.3703703703703704,0.2469135802469136,0.308641975308642,0.1851851851851852,0.308641975308642,0.0,0.0,0.0,0.0,0.0,0.0,0.0,0.0,0.0,0.0,0.0,12,10356906.505976235,3.698604630176909,5.174832826648897,486,0.1851851851851851,0.4938271604938271,1.419753086419753,1.7283950617283956,1.2962962962962965,2.098765432098764,2.0370370370370376,3.08641975308642,1.6049382716049387,2.6543209876543217,1.9753086419753088,2.469135802469132,1.6666666666666672,1.234567901234568,1.1111111111111114,1.234567901234568,0.9259259259259262,0.8024691358024694,1.4197530864197534,0.308641975308642,0.0617283950617284,0.0,0.1234567901234568,0.0,0.0,0.0617283950617284,0.0,0.0,0.0,0.0,8.514512110938945,33.502472850000004,-112.3517421,12,12,110811,A
0.10271133261758,3.4680625828760814,3.4996258739725383,75.84255942363428,1.117850354045444,2.6509129967776586,0.0,0.6745435016111708,0.1162790697674418,0.1162790697674418,0.2325581395348836,0.6976744186046513,2.0930232558139537,2.4418604651162776,1.976744186046512,2.0930232558139537,3.2558139534883725,2.9069767441860472,2.325581395348838,3.023255813953484,1.162790697674419,1.3953488372093026,0.8139534883720931,1.3953488372093026,0.930232558139535,0.5813953488372093,1.744186046511628,0.2325581395348837,0.4651162790697675,0.0,0.0,0.0,0.0,0.0,0.0,0.0,0.0,0.0,0.1162790697674418,0.1162790697674418,0.0,0.2325581395348838,0.3488372093023256,0.8139534883720926,0.6976744186046513,0.9302325581395352,0.5813953488372094,0.8139534883720934,0.4651162790697676,0.9302325581395336,0.4651162790697676,0.3488372093023256,0.2325581395348838,0.4651162790697676,0.1162790697674419,0.0,0.1162790697674419,0.0,0.0,0.0,0.0,0.0,0.0,0.0,0.0,0.0,0.0,0.0,0.0,0.0,0.1162790697674418,0.3488372093023256,0.930232558139535,1.0465116279069762,1.162790697674419,0.6976744186046512,1.6279069767441865,0.8139534883720931,0.8139534883720931,1.0465116279069753,0.3488372093023256,0.930232558139535,0.2325581395348837,0.6976744186046512,0.6976744186046512,0.3488372093023256,1.3953488372093024,0.1162790697674418,0.4651162790697675,0.0,0.0,0.0,0.0,0.0,0.0,0.0,0.0,0.0,0.0,0.0,0.0,0.0,0.4651162790697675,0.1162790697674418,0.0,0.2325581395348837,0.5813953488372094,1.162790697674419,0.8139534883720932,0.8139534883720919,0.3488372093023256,0.0,0.3488372093023256,0.2325581395348837,0.1162790697674418,0.2325581395348837,0.2325581395348837,0.1162790697674418,0.0,0.0,0.0,0.0,0.0,0.0,0.0,0.0,0.0,0.0,12,7940347.316480173,4.2700091431541365,3.3670034591810545,258,0.1162790697674418,0.1162790697674418,0.2325581395348836,0.6976744186046513,2.093023255813954,2.4418604651162776,1.976744186046512,2.093023255813954,3.255813953488373,2.906976744186047,2.325581395348838,3.023255813953484,1.162790697674419,1.3953488372093026,0.8139534883720932,1.3953488372093026,0.9302325581395352,0.5813953488372094,1.7441860465116283,0.2325581395348837,0.4651162790697675,0.0,0.0,0.0,0.0,0.0,0.0,0.0,0.0,0.0,7.851618778046187,37.984044,-120.377832,12,13,112236,A
0.4795542449915289,2.97167954309184,2.813845764083066,91.70222247898845,1.1032692666221986,2.888283378746594,0.0,0.6389645776566758,0.5136986301369864,0.7191780821917808,1.0273972602739725,0.8219178082191781,1.541095890410959,0.9246575342465748,1.7465753424657535,1.849315068493151,2.157534246575343,2.157534246575343,1.5410958904109593,1.643835616438354,1.5410958904109593,4.315068493150686,1.5410958904109593,0.9246575342465756,1.2328767123287674,1.13013698630137,1.8493150684931512,0.719178082191781,0.0,0.0,0.0,0.1027397260273969,0.0,0.0,0.0,0.0,0.0,0.0,0.1027397260273972,0.1027397260273972,0.4109589041095889,0.2054794520547945,0.6164383561643837,0.3082191780821915,0.3082191780821918,0.719178082191781,0.8219178082191783,0.2054794520547945,0.2054794520547945,0.2054794520547942,0.3082191780821918,0.2054794520547945,0.2054794520547945,0.0,0.3082191780821918,0.2054794520547945,0.8219178082191783,0.0,0.0,0.0,0.0,0.1027397260273969,0.0,0.0,0.0,0.0,0.0,0.0,0.0,0.3082191780821918,0.5136986301369861,0.3082191780821918,0.3082191780821918,0.2054794520547944,1.13013698630137,0.9246575342465756,0.8219178082191783,0.8219178082191783,0.3082191780821918,0.3082191780821913,1.0273972602739727,3.5958904109589045,0.5136986301369864,0.4109589041095891,0.1027397260273972,0.2054794520547945,0.3082191780821918,0.2054794520547945,0.0,0.0,0.0,0.0,0.0,0.0,0.0,0.0,0.0,0.0,0.1027397260273972,0.3082191780821918,0.0,0.0,0.3082191780821918,0.0,0.1027397260273973,0.1027397260273973,0.2054794520547946,0.8219178082191784,0.8219178082191784,0.6164383561643828,0.2054794520547946,0.5136986301369865,0.8219178082191784,0.4109589041095892,0.5136986301369865,0.6164383561643837,0.719178082191781,0.5136986301369865,0.0,0.0,0.0,0.0,0.0,0.0,0.0,0.0,0.0,0.0,12,9460007.34321896,4.654080048681703,3.858981852637284,292,0.5136986301369864,0.7191780821917808,1.0273972602739725,0.8219178082191783,1.5410958904109593,0.9246575342465748,1.7465753424657535,1.849315068493151,2.157534246575343,2.157534246575343,1.5410958904109593,1.643835616438354,1.5410958904109593,4.315068493150686,1.5410958904109593,0.9246575342465756,1.2328767123287674,1.1301369863013702,1.849315068493151,0.719178082191781,0.0,0.0,0.0,0.1027397260273969,0.0,0.0,0.0,0.0,0.0,0.0,6.520385431434032,36.6218407,-119.67151835,12,13,112403,A
0.2615963662755167,3.2747505364299063,3.252240762314212,51.47152771305969,1.079913878561062,2.8898678414096914,0.0,0.6046255506607929,0.3141361256544502,0.706806282722513,0.4712041884816752,1.2565445026178013,1.8848167539267016,1.3350785340314126,1.649214659685864,2.2774869109947646,2.827225130890053,2.5130890052356025,2.198952879581152,2.434554973821986,2.12041884816754,1.649214659685864,1.4136125654450262,1.4136125654450262,0.6282722513089006,1.5706806282722516,0.7853403141361257,0.1570680628272251,0.3141361256544503,0.0,0.0785340314136125,0.0,0.0,0.0,0.0,0.0,0.0,0.0,0.2356020942408376,0.5497382198952879,0.3141361256544501,0.549738219895288,1.1780104712041888,0.6282722513089002,0.7068062827225131,0.9424083769633508,1.1780104712041888,0.9424083769633508,0.9424083769633508,0.6282722513088996,0.549738219895288,0.3926701570680628,0.549738219895288,0.4712041884816754,0.3141361256544503,0.4712041884816754,0.3141361256544503,0.0,0.0785340314136125,0.0,0.0,0.0,0.0,0.0,0.0,0.0,0.0,0.0,0.0,0.1570680628272251,0.1570680628272251,0.549738219895288,0.3926701570680628,0.5497382198952876,0.4712041884816754,1.099476439790576,0.4712041884816754,0.4712041884816754,0.4712041884816754,0.3141361256544498,0.3926701570680628,0.3926701570680628,0.2356020942408377,0.3926701570680628,0.0,0.4712041884816754,0.3926701570680628,0.0785340314136125,0.0,0.0,0.0785340314136125,0.0,0.0,0.0,0.0,0.0,0.0,0.0,0.0,0.0,0.0,0.1570680628272251,0.2356020942408377,0.0785340314136125,0.2356020942408377,0.2356020942408377,0.5497382198952881,0.7068062827225132,0.6282722513089006,0.6282722513088996,0.6282722513089006,0.7068062827225132,0.2356020942408377,0.3926701570680629,0.1570680628272251,0.4712041884816755,0.0,0.0785340314136125,0.2356020942408377,0.0,0.0,0.0,0.0,0.0,0.0,0.0,0.0,0.0,12,20741947.11088565,2.4597406401215123,2.312169835397857,382,0.3141361256544502,0.7068062827225131,0.4712041884816753,1.2565445026178013,1.8848167539267016,1.3350785340314129,1.649214659685864,2.277486910994765,2.827225130890053,2.5130890052356025,2.1989528795811526,2.434554973821986,2.12041884816754,1.649214659685864,1.4136125654450264,1.4136125654450264,0.6282722513089006,1.5706806282722516,0.7853403141361258,0.1570680628272251,0.3141361256544503,0.0,0.0785340314136125,0.0,0.0,0.0,0.0,0.0,0.0,0.0,3.1930737546779526,50.44942575,2.7436813,12,13,1164679,A
0.5907399364317841,2.792136144244582,2.7718078848565337,54.7581858486692,1.0564172711069024,2.9963201471941123,0.0,0.6301747930082797,0.2763561924257932,0.3684749232343909,0.9211873080859772,1.7195496417604914,1.65813715455476,1.4431934493346972,1.9037871033776868,1.8730808597748212,2.425793244626408,1.6581371545547596,1.9037871033776872,2.579324462640733,1.4124872057318325,1.4124872057318325,2.2108495394063463,2.487205731832139,1.2896622313203687,1.166837256908905,0.9825997952917096,0.1228249744114637,0.1535312180143296,0.0307062436028659,0.0,0.0,0.0,0.0,0.0,0.0,0.0,0.0,0.1535312180143295,0.2763561924257932,0.4912998976458544,1.0440122824974412,0.7062436028659161,0.3991811668372566,0.6755373592630501,0.6141248720573184,0.767656090071648,0.6141248720573184,0.2763561924257933,0.5527123848515856,0.368474923234391,0.368474923234391,0.4298874104401229,0.368474923234391,0.368474923234391,0.4912998976458547,0.368474923234391,0.0,0.0307062436028659,0.0,0.0,0.0,0.0,0.0,0.0,0.0,0.0,0.0,0.0,0.0307062436028659,0.3991811668372568,0.5220061412487207,0.6141248720573185,0.7369498464687815,0.736949846468782,0.736949846468782,0.8597748208802458,0.5527123848515866,0.5834186284544525,1.2589559877175005,0.3377686796315251,0.3377686796315251,0.6141248720573185,0.6141248720573185,0.1228249744114637,0.1228249744114637,0.2149437052200614,0.0307062436028659,0.0,0.0,0.0,0.0,0.0,0.0,0.0,0.0,0.0,0.0,0.0,0.0307062436028659,0.0,0.0921187308085977,0.0921187308085977,0.1228249744114635,0.0614124872057318,0.1228249744114636,0.3377686796315251,0.1535312180143296,0.1842374616171955,0.3070624360286587,0.4298874104401229,0.4298874104401229,0.767656090071648,1.0440122824974414,0.4298874104401229,0.2149437052200614,0.1228249744114636,0.0,0.0307062436028659,0.0307062436028659,0.0,0.0,0.0,0.0,0.0,0.0,0.0,0.0,12,72311167.53248025,2.0368920938931407,4.415622492115828,977,0.2763561924257932,0.368474923234391,0.9211873080859772,1.719549641760492,1.65813715455476,1.4431934493346972,1.9037871033776872,1.8730808597748212,2.425793244626408,1.65813715455476,1.9037871033776872,2.579324462640733,1.4124872057318325,1.4124872057318325,2.2108495394063463,2.48720573183214,1.2896622313203687,1.166837256908905,0.9825997952917096,0.1228249744114637,0.1535312180143296,0.0307062436028659,0.0,0.0,0.0,0.0,0.0,0.0,0.0,0.0,6.968350253595832,42.006333,-87.73566735,13,12,122052,A
0.6789035477843879,2.6315049033744806,2.827489460619701,79.45336756244882,1.0856083171847415,2.7773584905660376,0.0,0.6830188679245283,0.7653061224489794,0.7653061224489797,0.7653061224489793,2.6020408163265305,2.1428571428571432,1.530612244897958,2.4489795918367347,2.1428571428571432,1.8367346938775515,1.8367346938775515,1.6836734693877555,1.530612244897957,2.295918367346939,2.448979591836735,0.9183673469387758,1.6836734693877553,0.7653061224489797,0.9183673469387756,0.6122448979591838,0.0,0.3061224489795919,0.0,0.0,0.0,0.0,0.0,0.0,0.0,0.0,0.0,0.0,0.1530612244897959,0.4591836734693876,2.295918367346939,0.6122448979591838,0.4591836734693874,1.0714285714285716,0.3061224489795919,0.7653061224489797,0.6122448979591838,0.0,0.1530612244897957,0.1530612244897959,0.3061224489795919,0.1530612244897959,0.3061224489795919,0.1530612244897959,0.0,0.3061224489795919,0.0,0.0,0.0,0.0,0.0,0.0,0.0,0.0,0.0,0.0,0.0,0.4591836734693877,0.6122448979591837,0.3061224489795917,0.1530612244897959,1.2244897959183676,0.9183673469387748,1.0714285714285718,0.9183673469387756,0.6122448979591838,0.4591836734693878,1.2244897959183676,0.3061224489795914,0.4591836734693878,0.4591836734693878,0.4591836734693878,0.3061224489795919,0.1530612244897959,0.1530612244897959,0.0,0.0,0.1530612244897959,0.0,0.0,0.0,0.0,0.0,0.0,0.0,0.0,0.0,0.0,0.0,0.0,0.1530612244897959,0.3061224489795919,0.1530612244897958,0.1530612244897959,0.7653061224489797,0.1530612244897959,0.4591836734693878,0.3061224489795919,0.6122448979591828,1.2244897959183676,1.3775510204081634,0.1530612244897959,0.9183673469387756,0.4591836734693878,0.1530612244897959,0.0,0.0,0.0,0.0,0.0,0.0,0.0,0.0,0.0,0.0,0.0,0.0,12,8689329.963444643,2.6552755831396206,2.445370414449484,196,0.7653061224489796,0.7653061224489796,0.7653061224489794,2.6020408163265314,2.1428571428571432,1.5306122448979582,2.448979591836735,2.1428571428571432,1.8367346938775515,1.8367346938775515,1.6836734693877553,1.5306122448979569,2.2959183673469394,2.448979591836735,0.9183673469387756,1.6836734693877553,0.7653061224489798,0.9183673469387756,0.6122448979591838,0.0,0.3061224489795919,0.0,0.0,0.0,0.0,0.0,0.0,0.0,0.0,0.0,2.997765001029187,41.59158215,-87.8471765,12,13,122978,A
0.8437947578892263,2.254711338999635,2.5970947276486624,87.42197788266863,1.1222346640206975,2.823741007194245,0.0,0.6312949640287769,0.3061224489795918,0.0,0.0,0.3061224489795919,0.3061224489795919,0.4591836734693875,1.3775510204081636,0.7653061224489799,1.3775510204081636,1.9897959183673477,1.0714285714285718,3.21428571428571,2.142857142857144,3.0612244897959187,1.8367346938775515,3.367346938775511,1.6836734693877555,3.8265306122448983,2.602040816326532,0.3061224489795919,0.0,0.0,0.0,0.0,0.0,0.0,0.0,0.0,0.0,0.0,0.0,0.0,0.0,0.1530612244897959,0.3061224489795919,0.4591836734693875,0.7653061224489798,0.0,0.1530612244897959,0.1530612244897959,0.1530612244897959,0.4591836734693871,0.6122448979591839,0.3061224489795919,0.0,0.3061224489795919,0.0,0.0,0.1530612244897959,0.0,0.0,0.0,0.0,0.0,0.0,0.0,0.0,0.0,0.0,0.0,0.1530612244897959,0.0,0.0,0.1530612244897959,0.0,0.0,0.6122448979591839,0.3061224489795919,0.6122448979591839,0.7653061224489798,0.0,0.4591836734693871,0.1530612244897959,0.6122448979591839,0.7653061224489798,1.6836734693877555,1.3775510204081636,2.908163265306123,2.142857142857144,0.0,0.0,0.0,0.0,0.0,0.0,0.0,0.0,0.0,0.0,0.0,0.0,0.0,0.0,0.0,0.0,0.0,0.0,0.3061224489795919,0.0,0.7653061224489799,0.4591836734693879,0.9183673469387744,0.7653061224489799,1.2244897959183676,0.4591836734693879,1.3775510204081636,0.3061224489795919,0.9183673469387758,0.3061224489795919,0.3061224489795919,0.0,0.0,0.0,0.0,0.0,0.0,0.0,0.0,0.0,0.0,12,17003470.150614202,3.356991287744604,4.354875619614147,196,0.3061224489795918,0.0,0.0,0.3061224489795919,0.3061224489795919,0.4591836734693875,1.3775510204081636,0.7653061224489798,1.3775510204081636,1.9897959183673477,1.0714285714285716,3.214285714285709,2.1428571428571432,3.061224489795919,1.8367346938775515,3.3673469387755106,1.6836734693877553,3.8265306122448974,2.6020408163265314,0.3061224489795919,0.0,0.0,0.0,0.0,0.0,0.0,0.0,0.0,0.0,0.0,6.449876682484515,38.2072911,-90.0017026,12,12,125939,A
0.5836367103371276,2.80428628649946,2.8789980392473047,65.73836124760851,1.0694771570488872,2.636363636363636,0.0,0.5862708719851577,0.4716981132075472,0.2830188679245283,0.6603773584905659,0.3773584905660378,0.2830188679245283,1.037735849056603,0.5660377358490567,1.509433962264151,2.1698113207547176,2.3584905660377364,2.4528301886792456,3.207547169811316,3.0188679245283025,2.924528301886793,2.264150943396227,2.1698113207547176,1.226415094339623,0.9433962264150946,1.603773584905661,0.2830188679245283,0.0943396226415094,0.0943396226415094,0.0,0.0,0.0,0.0,0.0,0.0,0.0,0.0,0.0943396226415094,0.1886792452830188,0.0943396226415094,0.1886792452830189,0.0,0.2830188679245281,0.0,0.3773584905660378,0.0943396226415094,0.0943396226415094,0.1886792452830189,0.3773584905660372,0.0943396226415094,0.3773584905660378,0.0943396226415094,0.2830188679245283,0.0943396226415094,0.0,0.0943396226415094,0.0,0.0,0.0,0.0,0.0,0.0,0.0,0.0,0.0,0.0,0.0,0.0,0.0943396226415094,0.5660377358490565,0.1886792452830189,0.1886792452830189,0.3773584905660375,0.2830188679245283,0.7547169811320756,1.3207547169811324,0.9433962264150946,0.5660377358490567,1.4150943396226394,1.7924528301886795,1.1320754716981134,0.7547169811320756,0.9433962264150946,0.4716981132075473,0.5660377358490567,0.9433962264150946,0.2830188679245283,0.0943396226415094,0.0,0.0,0.0,0.0,0.0,0.0,0.0,0.0,0.0,0.0,0.0,0.0,0.0,0.0943396226415094,0.3773584905660375,0.1886792452830189,0.1886792452830189,0.3773584905660379,0.7547169811320757,0.2830188679245283,0.2830188679245279,0.3773584905660379,0.4716981132075472,0.3773584905660379,0.6603773584905662,0.6603773584905662,0.3773584905660379,0.5660377358490567,0.0,0.0,0.0943396226415094,0.0,0.0,0.0,0.0,0.0,0.0,0.0,0.0,12,48674018.64906762,3.636642008312978,6.675142243677285,318,0.4716981132075472,0.2830188679245283,0.660377358490566,0.3773584905660378,0.2830188679245283,1.037735849056603,0.5660377358490567,1.5094339622641513,2.169811320754717,2.358490566037736,2.452830188679246,3.207547169811316,3.0188679245283025,2.9245283018867934,2.264150943396227,2.169811320754717,1.226415094339623,0.9433962264150944,1.603773584905661,0.2830188679245283,0.0943396226415094,0.0943396226415094,0.0,0.0,0.0,0.0,0.0,0.0,0.0,0.0,6.575052290936473,38.08562405,-88.1768988,12,12,126034,A
0.6183900278282592,2.743805444088365,2.9513764680305163,76.2948585393237,1.1192391479291606,2.777456647398844,0.0,0.7471098265895953,1.1538461538461535,0.6410256410256411,0.6410256410256409,1.025641025641026,0.8974358974358977,1.9230769230769216,1.9230769230769236,3.2051282051282057,2.0512820512820515,2.948717948717949,2.6923076923076925,1.538461538461536,1.7948717948717954,1.7948717948717952,0.512820512820513,1.153846153846154,1.5384615384615388,1.2820512820512822,1.025641025641026,0.1282051282051282,0.0,0.1282051282051282,0.0,0.0,0.0,0.0,0.0,0.0,0.0,0.0,0.2564102564102564,0.1282051282051282,0.3846153846153845,0.7692307692307694,0.1282051282051282,0.3846153846153843,0.5128205128205129,1.153846153846154,0.6410256410256411,1.0256410256410258,0.8974358974358977,0.128205128205128,0.5128205128205129,0.6410256410256411,0.0,0.3846153846153847,0.3846153846153847,0.2564102564102564,0.5128205128205129,0.0,0.0,0.0,0.0,0.0,0.0,0.0,0.0,0.0,0.0,0.0,0.2564102564102564,0.5128205128205129,0.1282051282051282,0.0,0.512820512820513,0.7692307692307687,0.8974358974358978,1.025641025641026,0.3846153846153847,1.1538461538461542,0.7692307692307694,0.3846153846153841,0.3846153846153847,0.512820512820513,0.3846153846153847,0.3846153846153847,0.6410256410256412,0.6410256410256412,0.2564102564102565,0.0,0.0,0.1282051282051282,0.0,0.0,0.0,0.0,0.0,0.0,0.0,0.0,0.0,0.0,0.0,0.2564102564102565,0.2564102564102565,0.7692307692307687,0.3846153846153846,0.7692307692307693,0.3846153846153846,0.2564102564102565,0.6410256410256411,0.64102564102564,0.2564102564102565,0.3846153846153846,0.1282051282051282,0.3846153846153846,0.3846153846153846,0.3846153846153846,0.2564102564102565,0.1282051282051282,0.0,0.0,0.0,0.0,0.0,0.0,0.0,0.0,0.0,0.0,12,11397296.903093906,4.4525455136038365,5.057645720227214,234,1.1538461538461535,0.6410256410256411,0.6410256410256409,1.025641025641026,0.8974358974358977,1.9230769230769216,1.923076923076924,3.2051282051282057,2.051282051282052,2.9487179487179493,2.692307692307693,1.5384615384615363,1.7948717948717954,1.7948717948717954,0.512820512820513,1.1538461538461542,1.5384615384615388,1.2820512820512824,1.025641025641026,0.1282051282051282,0.0,0.1282051282051282,0.0,0.0,0.0,0.0,0.0,0.0,0.0,0.0,8.248055549740242,41.5406174,-87.610528,12,12,126588,A
0.8708034466921171,2.1760474068859774,2.3668166369905297,24.093313545527856,1.0585292017180437,2.5765611633875105,0.0,0.4200171086398631,0.0925925925925925,0.1851851851851851,0.5555555555555554,1.4814814814814818,1.1111111111111114,1.574074074074073,1.388888888888889,1.5740740740740746,2.962962962962964,1.3888888888888893,2.5000000000000004,3.6111111111111054,1.7592592592592595,1.203703703703704,1.1111111111111114,2.5000000000000004,0.8333333333333335,1.203703703703704,2.777777777777778,0.1851851851851852,0.0,0.0,0.0,0.0,0.0,0.0,0.0,0.0,0.0,0.0,0.0925925925925925,0.0,0.0,0.5555555555555556,0.6481481481481484,1.1111111111111105,0.7407407407407409,1.2037037037037042,1.3888888888888893,0.5555555555555556,1.4814814814814818,2.3148148148148118,1.0185185185185188,0.7407407407407409,0.2777777777777778,0.4629629629629631,0.1851851851851852,0.2777777777777778,0.8333333333333336,0.0925925925925926,0.0,0.0,0.0,0.0,0.0,0.0,0.0,0.0,0.0,0.0,0.0,0.1851851851851851,0.3703703703703702,0.9259259259259262,0.2777777777777778,0.2777777777777775,0.5555555555555556,0.0,0.2777777777777778,0.0,0.4629629629629631,0.5555555555555547,0.1851851851851852,0.2777777777777778,0.1851851851851852,0.0,0.2777777777777778,0.2777777777777778,0.0925925925925926,0.0,0.0,0.0,0.0,0.0,0.0,0.0,0.0,0.0,0.0,0.0,0.0,0.0,0.0,0.0,0.0,0.0,0.0,0.3703703703703705,0.4629629629629631,0.740740740740741,0.2777777777777778,0.6481481481481473,0.5555555555555557,0.1851851851851852,0.4629629629629631,1.1111111111111114,0.0,0.1851851851851852,0.0925925925925926,0.0,0.0,0.0,0.0,0.0,0.0,0.0,0.0,0.0,0.0,0.0,12,4378796.145088505,3.22245946910698,2.851986334037967,324,0.0925925925925925,0.1851851851851851,0.5555555555555555,1.4814814814814818,1.1111111111111114,1.5740740740740733,1.3888888888888893,1.5740740740740744,2.962962962962964,1.3888888888888893,2.500000000000001,3.6111111111111054,1.7592592592592595,1.2037037037037042,1.1111111111111114,2.500000000000001,0.8333333333333335,1.2037037037037042,2.7777777777777786,0.1851851851851852,0.0,0.0,0.0,0.0,0.0,0.0,0.0,0.0,0.0,0.0,4.623544037370846,41.7985982,-93.5241545,12,13,128654,A
0.2972769723525497,3.2285521165118976,3.28689500023859,80.19815153612957,1.1166137016149191,2.739583333333333,0.0,0.640625,0.2325581395348837,0.2325581395348837,0.9302325581395348,1.162790697674419,2.093023255813954,0.9302325581395344,1.6279069767441865,0.4651162790697676,2.325581395348838,1.6279069767441865,2.558139534883721,2.7906976744186007,2.558139534883721,2.325581395348838,1.8604651162790704,2.093023255813954,1.162790697674419,0.4651162790697676,1.162790697674419,0.9302325581395352,0.4651162790697675,0.0,0.0,0.0,0.0,0.0,0.0,0.0,0.0,0.0,0.0,0.0,0.4651162790697673,0.9302325581395352,1.8604651162790704,0.2325581395348835,0.2325581395348837,0.2325581395348837,0.4651162790697675,0.9302325581395352,1.162790697674419,0.4651162790697667,0.9302325581395352,0.9302325581395352,0.2325581395348837,0.2325581395348837,0.0,0.0,0.0,0.0,0.0,0.0,0.0,0.0,0.0,0.0,0.0,0.0,0.0,0.0,0.0,0.2325581395348837,0.2325581395348837,0.2325581395348838,0.2325581395348838,0.4651162790697672,0.9302325581395352,0.2325581395348838,0.6976744186046513,0.4651162790697676,0.6976744186046513,0.6976744186046503,0.6976744186046513,0.0,0.2325581395348838,0.0,0.2325581395348838,0.2325581395348838,0.4651162790697676,0.0,0.2325581395348838,0.0,0.0,0.0,0.0,0.0,0.0,0.0,0.0,0.0,0.0,0.0,0.0,0.0,0.0,0.2325581395348836,0.4651162790697676,0.0,0.9302325581395352,0.2325581395348838,0.4651162790697676,1.6279069767441836,0.2325581395348838,1.162790697674419,0.9302325581395352,1.6279069767441865,0.6976744186046513,0.2325581395348838,0.6976744186046513,0.9302325581395352,0.0,0.0,0.0,0.0,0.0,0.0,0.0,0.0,0.0,0.0,12,2623807.6685942058,3.779506116793491,3.61409042086103,129,0.2325581395348837,0.2325581395348837,0.9302325581395346,1.162790697674419,2.093023255813954,0.9302325581395344,1.6279069767441865,0.4651162790697675,2.325581395348838,1.6279069767441865,2.558139534883721,2.7906976744186007,2.558139534883721,2.325581395348838,1.8604651162790704,2.093023255813954,1.162790697674419,0.4651162790697675,1.162790697674419,0.9302325581395352,0.4651162790697675,0.0,0.0,0.0,0.0,0.0,0.0,0.0,0.0,0.0,3.708205767101565,38.1547526,-84.6759983,12,13,130851,A
0.3424867081218666,3.168296508938624,3.150632537646526,108.39961424099636,1.06345197900847,2.819956616052061,0.0,0.6767895878524945,0.1714285714285714,0.3428571428571428,1.0285714285714285,0.0,1.2000000000000002,1.5428571428571418,1.7142857142857146,1.5428571428571431,2.2285714285714286,1.885714285714286,1.2000000000000002,1.1999999999999982,1.3714285714285717,2.2285714285714286,1.885714285714286,1.371428571428572,2.7428571428571438,1.885714285714286,3.0857142857142867,1.2000000000000002,0.1714285714285714,0.0,0.0,0.0,0.0,0.0,0.0,0.0,0.0,0.0,0.0,0.1714285714285714,0.5142857142857142,0.0,0.3428571428571429,0.1714285714285713,0.0,0.0,0.8571428571428574,0.6857142857142859,0.1714285714285714,0.3428571428571424,0.0,0.0,0.5142857142857143,0.3428571428571429,0.6857142857142859,0.5142857142857143,0.3428571428571429,0.0,0.0,0.0,0.0,0.0,0.0,0.0,0.0,0.0,0.0,0.0,0.0,0.1714285714285714,0.3428571428571427,0.0,0.0,1.0285714285714278,0.5142857142857143,0.3428571428571429,1.0285714285714287,0.5142857142857143,0.6857142857142858,0.0,0.3428571428571429,0.5142857142857143,0.5142857142857143,0.3428571428571429,0.6857142857142858,0.1714285714285714,0.0,0.0,0.0,0.0,0.0,0.0,0.0,0.0,0.0,0.0,0.0,0.0,0.0,0.0,0.0,0.0,0.8571428571428573,0.3428571428571427,1.0285714285714287,0.8571428571428573,0.1714285714285714,0.5142857142857143,0.1714285714285714,0.8571428571428558,0.6857142857142858,0.6857142857142858,0.3428571428571429,0.1714285714285714,0.5142857142857143,0.8571428571428573,2.400000000000001,1.0285714285714287,0.1714285714285714,0.0,0.0,0.0,0.0,0.0,0.0,0.0,0.0,0.0,12,12289982.359179432,3.413706933745183,4.951105581471697,175,0.1714285714285714,0.3428571428571428,1.0285714285714285,0.0,1.2000000000000004,1.5428571428571418,1.7142857142857146,1.5428571428571431,2.228571428571429,1.885714285714286,1.2000000000000004,1.1999999999999982,1.3714285714285717,2.228571428571429,1.885714285714286,1.3714285714285717,2.7428571428571438,1.885714285714286,3.0857142857142863,1.2000000000000004,0.1714285714285714,0.0,0.0,0.0,0.0,0.0,0.0,0.0,0.0,0.0,6.809492528038384,31.56480365,-91.4415865,12,12,132241,A
0.4253212854998652,3.052250312590491,3.102987616564986,61.97917936824152,1.0663338506474107,2.789237668161435,0.0,0.6808669656203289,0.6564551422319475,0.7877461706783371,0.3938730853391683,0.5908096280087528,1.1816192560175056,1.7067833698030623,1.2472647702407005,2.0350109409190376,3.1509846827133483,3.413566739606128,2.75711159737418,1.5098468271334768,1.7724288840262583,2.0350109409190376,2.2975929978118166,0.7221006564551422,1.5754923413566744,1.1816192560175054,0.9190371991247266,0.0656455142231947,0.0,0.0,0.0,0.0,0.0,0.0,0.0,0.0,0.0,0.0,0.1312910284463894,0.3282275711159737,0.1312910284463894,0.1969365426695842,0.525164113785558,0.4595185995623629,0.4595185995623633,0.9846827133479212,1.1816192560175056,1.3785557986870898,0.9190371991247268,0.3282275711159732,0.3938730853391685,0.6564551422319476,0.4595185995623633,0.3938730853391685,0.3938730853391685,0.3938730853391685,0.262582056892779,0.0,0.0,0.0,0.0,0.0,0.0,0.0,0.0,0.0,0.0,0.0,0.0,0.1312910284463895,0.2625820568927789,0.3938730853391685,0.525164113785558,1.0503282275711152,0.6564551422319476,0.525164113785558,1.115973741794311,1.115973741794311,0.9190371991247268,0.4595185995623625,0.6564551422319476,0.525164113785558,0.6564551422319476,0.1312910284463895,0.5908096280087529,0.3938730853391685,0.262582056892779,0.0,0.0,0.0,0.0,0.0,0.0,0.0,0.0,0.0,0.0,0.0,0.0,0.262582056892779,0.0,0.0,0.0656455142231947,0.0,0.0,0.3282275711159738,0.3282275711159738,0.4595185995623634,0.5908096280087528,0.3938730853391679,0.5908096280087528,0.5908096280087528,0.8533916849015319,0.1312910284463895,0.3938730853391685,0.1969365426695842,0.262582056892779,0.0656455142231947,0.0,0.0,0.0,0.0,0.0,0.0,0.0,0.0,0.0,0.0,12,16443392.22730804,2.3660246265726164,4.852432740266552,457,0.6564551422319475,0.787746170678337,0.3938730853391684,0.5908096280087528,1.1816192560175056,1.7067833698030626,1.2472647702407005,2.0350109409190376,3.1509846827133483,3.413566739606128,2.75711159737418,1.509846827133477,1.7724288840262588,2.0350109409190376,2.2975929978118166,0.7221006564551423,1.5754923413566742,1.1816192560175056,0.9190371991247268,0.0656455142231947,0.0,0.0,0.0,0.0,0.0,0.0,0.0,0.0,0.0,0.0,5.928293080580889,38.6298805,-90.33435585,12,12,139956,A
0.2702216025070051,3.263686958223268,3.3408311959894097,77.4469596188898,1.192500085013446,2.7434052757793763,0.0,0.7410071942446043,1.0714285714285714,1.875,1.339285714285714,1.0714285714285716,2.142857142857144,2.410714285714284,1.3392857142857144,2.946428571428572,1.6071428571428572,1.875,2.410714285714286,2.946428571428567,2.1428571428571432,1.0714285714285716,1.0714285714285716,1.6071428571428572,0.0,0.2678571428571429,0.8035714285714287,0.0,0.0,0.0,0.0,0.0,0.0,0.0,0.0,0.0,0.0,0.0,0.0,0.5357142857142857,0.5357142857142856,0.8035714285714287,1.8750000000000009,1.0714285714285707,0.8035714285714287,0.5357142857142858,0.0,0.8035714285714287,1.0714285714285716,0.5357142857142849,1.0714285714285716,0.0,0.8035714285714287,1.0714285714285716,0.0,0.0,0.2678571428571429,0.0,0.0,0.0,0.0,0.0,0.0,0.0,0.0,0.0,0.0,0.0,0.2678571428571428,1.0714285714285714,0.5357142857142856,0.2678571428571429,0.0,0.8035714285714279,0.5357142857142858,1.875,1.3392857142857144,0.5357142857142858,0.2678571428571429,0.8035714285714275,0.8035714285714286,1.0714285714285716,0.0,0.2678571428571429,0.0,0.2678571428571429,0.2678571428571429,0.0,0.0,0.0,0.0,0.0,0.0,0.0,0.0,0.0,0.0,0.0,0.0,0.0,0.2678571428571428,0.0,0.0,0.5357142857142854,0.0,0.5357142857142858,0.2678571428571429,0.5357142857142858,0.8035714285714288,1.3392857142857124,0.0,0.0,0.0,0.2678571428571429,0.0,0.0,0.2678571428571429,0.0,0.0,0.0,0.0,0.0,0.0,0.0,0.0,0.0,0.0,0.0,12,1597081.9641841422,2.441365333179012,2.998141765462584,112,1.0714285714285714,1.875,1.339285714285714,1.0714285714285716,2.1428571428571432,2.4107142857142843,1.3392857142857146,2.946428571428572,1.6071428571428574,1.8750000000000004,2.410714285714286,2.946428571428567,2.1428571428571432,1.0714285714285716,1.0714285714285716,1.6071428571428574,0.0,0.2678571428571429,0.8035714285714287,0.0,0.0,0.0,0.0,0.0,0.0,0.0,0.0,0.0,0.0,0.0,3.445194884835346,38.522739,-90.3369885,12,13,140006,A
0.2924615736478156,3.234854368398544,3.24797412260608,53.955301773307454,1.0928069103291755,2.864696734059098,0.0,0.723950233281493,0.1855670103092783,0.4329896907216495,0.7422680412371132,1.3608247422680415,0.618556701030928,1.0515463917525767,2.721649484536083,2.412371134020619,2.907216494845361,3.9587628865979383,2.164948453608248,1.6082474226804102,1.855670103092784,1.7319587628865982,1.3608247422680415,1.484536082474227,1.4226804123711343,0.927835051546392,0.8041237113402063,0.1237113402061856,0.1237113402061856,0.0,0.0,0.0,0.0,0.0,0.0,0.0,0.0,0.0,0.0,0.1855670103092783,0.1855670103092783,1.1134020618556704,0.3711340206185567,0.4329896907216492,0.5567010309278352,0.8659793814432992,1.237113402061856,0.927835051546392,0.4948453608247424,0.3711340206185561,0.309278350515464,0.5567010309278352,0.2474226804123712,0.3711340206185567,0.2474226804123712,0.309278350515464,0.1855670103092783,0.0,0.0,0.0,0.0,0.0,0.0,0.0,0.0,0.0,0.0,0.0,0.0,0.1237113402061855,0.1855670103092783,0.1237113402061856,0.1855670103092783,0.3092783505154637,1.237113402061856,0.309278350515464,0.8041237113402064,1.855670103092784,1.0515463917525776,0.6185567010309269,0.4948453608247424,0.309278350515464,0.1855670103092783,0.3711340206185567,0.5567010309278352,0.309278350515464,0.309278350515464,0.0,0.1237113402061856,0.0,0.0,0.0,0.0,0.0,0.0,0.0,0.0,0.0,0.0,0.0,0.0618556701030927,0.1237113402061855,0.0618556701030927,0.0618556701030927,0.2474226804123711,0.4329896907216496,0.1237113402061855,0.3711340206185567,0.1855670103092783,0.3711340206185561,0.7422680412371135,0.7422680412371135,0.7422680412371135,0.6185567010309279,0.5567010309278352,0.3092783505154639,0.3092783505154639,0.0618556701030927,0.0,0.0,0.0,0.0,0.0,0.0,0.0,0.0,0.0,0.0,12,30917389.16008988,2.65467893235758,2.150406831818167,485,0.1855670103092783,0.4329896907216495,0.7422680412371133,1.3608247422680415,0.618556701030928,1.0515463917525767,2.721649484536083,2.412371134020619,2.907216494845361,3.958762886597939,2.164948453608248,1.60824742268041,1.855670103092784,1.7319587628865984,1.3608247422680415,1.484536082474227,1.4226804123711343,0.927835051546392,0.8041237113402064,0.1237113402061856,0.1237113402061856,0.0,0.0,0.0,0.0,0.0,0.0,0.0,0.0,0.0,4.067059370790717,38.6108049,-90.32283185,12,13,140017,A
0.6794973961729898,2.630352627521422,2.6894905466340373,137.03322820143856,1.1906574229468954,2.676328502415459,0.0,0.6570048309178744,0.4918032786885246,0.0,0.0,0.4918032786885247,1.475409836065574,1.475409836065573,0.0,0.9836065573770494,2.4590163934426235,3.442622950819673,2.950819672131148,2.4590163934426195,2.950819672131148,0.9836065573770494,0.9836065573770496,0.4918032786885247,3.4426229508196733,1.475409836065574,3.442622950819673,0.0,0.0,0.0,0.0,0.0,0.0,0.0,0.0,0.0,0.0,0.0,0.0,0.0,0.0,0.0,0.0,0.9836065573770486,0.0,0.0,0.4918032786885247,0.0,0.0,0.0,0.0,0.0,0.0,0.0,0.0,0.0,0.0,0.0,0.0,0.0,0.0,0.0,0.0,0.0,0.0,0.0,0.0,0.0,0.0,0.0,0.0,0.0,0.4918032786885247,0.0,0.0,0.9836065573770494,1.475409836065574,1.475409836065574,0.9836065573770494,0.0,0.0,0.0,0.0,0.0,0.0,0.4918032786885247,0.4918032786885247,0.0,0.0,0.0,0.0,0.0,0.0,0.0,0.0,0.0,0.0,0.0,0.0,0.0,0.0,0.4918032786885247,0.9836065573770496,0.4918032786885243,0.0,0.0,0.4918032786885247,0.9836065573770496,1.967213114754099,1.475409836065572,2.4590163934426235,0.4918032786885247,0.9836065573770496,0.4918032786885247,3.4426229508196733,0.9836065573770496,2.950819672131148,0.0,0.0,0.0,0.0,0.0,0.0,0.0,0.0,0.0,0.0,0.0,12,2095068.282141178,3.321820557550061,5.666288305126043,61,0.4918032786885246,0.0,0.0,0.4918032786885247,1.475409836065574,1.4754098360655727,0.0,0.9836065573770494,2.4590163934426235,3.442622950819673,2.950819672131148,2.459016393442619,2.950819672131148,0.9836065573770494,0.9836065573770494,0.4918032786885247,3.442622950819673,1.475409836065574,3.442622950819673,0.0,0.0,0.0,0.0,0.0,0.0,0.0,0.0,0.0,0.0,0.0,4.844254763068888,36.088428,-89.8423525,12,12,141686,A
0.0378931902223186,3.5419532155928555,3.541118700541297,37.00609203247949,1.1239974457863182,2.486713286713287,0.0,0.544055944055944,0.8450704225352113,1.4788732394366195,1.690140845070422,2.535211267605634,2.7464788732394374,2.9577464788732373,1.901408450704226,2.1126760563380285,1.9014084507042257,1.2676056338028172,1.9014084507042257,1.69014084507042,1.9014084507042253,1.47887323943662,1.0563380281690145,0.4225352112676057,1.0563380281690145,0.4225352112676057,0.4225352112676057,0.2112676056338028,0.0,0.0,0.0,0.0,0.0,0.0,0.0,0.0,0.0,0.0,0.0,1.056338028169014,1.690140845070422,2.323943661971831,1.6901408450704227,1.267605633802816,1.4788732394366202,0.6338028169014085,0.8450704225352114,0.4225352112676057,0.4225352112676057,1.267605633802815,0.8450704225352114,0.2112676056338028,0.2112676056338028,0.0,0.0,0.0,0.0,0.0,0.0,0.0,0.0,0.0,0.0,0.0,0.0,0.0,0.0,0.0,0.0,0.2112676056338028,0.0,0.2112676056338028,0.2112676056338028,0.2112676056338027,0.0,0.4225352112676057,0.8450704225352115,0.8450704225352115,0.6338028169014085,0.422535211267605,0.2112676056338028,1.0563380281690142,0.2112676056338028,0.4225352112676057,0.4225352112676057,0.4225352112676057,0.4225352112676057,0.2112676056338028,0.0,0.0,0.0,0.0,0.0,0.0,0.0,0.0,0.0,0.0,0.0,0.0,0.0,0.0,0.0,1.267605633802816,0.2112676056338028,1.0563380281690142,0.0,0.0,0.0,0.0,0.6338028169014085,0.0,0.0,0.0,0.0,0.0,0.0,0.0,0.0,0.0,0.0,0.0,0.0,0.0,0.0,0.0,0.0,0.0,12,842576.771549656,3.513814158915542,2.0916408979364496,142,0.8450704225352113,1.4788732394366195,1.690140845070422,2.5352112676056344,2.7464788732394374,2.9577464788732373,1.9014084507042257,2.1126760563380285,1.9014084507042257,1.2676056338028172,1.9014084507042257,1.69014084507042,1.9014084507042257,1.4788732394366202,1.0563380281690142,0.4225352112676057,1.0563380281690142,0.4225352112676057,0.4225352112676057,0.2112676056338028,0.0,0.0,0.0,0.0,0.0,0.0,0.0,0.0,0.0,0.0,1.776993791626671,35.040183,-83.81883735,12,13,179813,A
0.3570440671231804,3.14845603483838,3.18170838932856,64.26663553299083,1.1483562024726162,2.713702623906705,0.0,0.5481049562682215,1.7843866171003715,1.617100371747212,2.8438661710037167,1.951672862453532,1.951672862453532,2.174721189591077,1.3940520446096658,1.951672862453532,1.784386617100372,2.788104089219332,1.7843866171003722,1.561338289962823,0.9479553903345724,1.1152416356877324,0.6133828996282528,0.5018587360594796,0.892193308550186,0.892193308550186,1.171003717472119,0.1672862453531598,0.0,0.0557620817843866,0.0,0.0,0.0,0.0557620817843866,0.0,0.0,0.0,0.0,0.3345724907063196,0.724907063197026,1.4498141263940518,0.9479553903345728,1.3940520446096656,0.947955390334572,0.7249070631970262,1.338289962825279,0.8921933085501861,0.7806691449814129,0.2788104089219331,0.1672862453531596,0.3345724907063197,0.3345724907063197,0.1672862453531598,0.1115241635687732,0.2788104089219331,0.0557620817843866,0.0557620817843866,0.0,0.0,0.0,0.0,0.0,0.0,0.0557620817843866,0.0,0.0,0.0,0.0,0.8921933085501857,0.8364312267657992,1.1710037174721188,0.446096654275093,0.1115241635687732,0.1672862453531597,0.1672862453531598,0.2230483271375465,0.2788104089219331,0.7249070631970262,0.3903345724907064,0.7806691449814114,0.1672862453531598,0.2788104089219331,0.1672862453531598,0.2230483271375465,0.1672862453531598,0.2788104089219331,0.1115241635687732,0.0,0.0,0.0,0.0,0.0,0.0,0.0,0.0,0.0,0.0,0.0,0.0,0.0557620817843866,0.2230483271375464,0.5018587360594796,0.2230483271375465,0.2788104089219329,0.3903345724907063,0.1115241635687732,0.0557620817843866,0.5018587360594796,0.5018587360594796,0.1672862453531595,0.1115241635687732,0.2788104089219331,0.0557620817843866,0.0,0.1672862453531598,0.1672862453531598,0.1115241635687732,0.0557620817843866,0.0,0.0557620817843866,0.0,0.0,0.0,0.0,0.0,0.0,0.0,0.0,12,48533612.70664175,4.869825166472234,4.385377243850963,538,1.7843866171003715,1.617100371747212,2.843866171003717,1.951672862453532,1.951672862453532,2.174721189591077,1.3940520446096656,1.951672862453532,1.7843866171003722,2.788104089219331,1.7843866171003722,1.561338289962823,0.9479553903345728,1.1152416356877326,0.6133828996282529,0.5018587360594796,0.8921933085501861,0.8921933085501861,1.171003717472119,0.1672862453531599,0.0,0.0557620817843866,0.0,0.0,0.0,0.0557620817843866,0.0,0.0,0.0,0.0,8.737108163443681,39.18456775,-84.369948,12,12,182242,A
0.8099337195984188,2.3442530845978222,2.3017645166177654,36.83689732312816,1.0364502022191708,3.022275258552108,0.0,0.4570405727923627,0.21310181531176,0.9471191791633782,1.6574585635359114,0.9471191791633784,2.012628255722179,2.4388318863456973,1.9889502762430944,1.515390686661405,2.344119968429361,2.367797947908445,1.2786108918705603,1.420678768745065,1.2312549329123916,1.065509076558801,1.065509076558801,1.2786108918705603,1.6337805840568276,1.3733228097868984,2.5808997632202053,0.5445935280189425,0.0947119179163378,0.0,0.0,0.0,0.0,0.0,0.0,0.0,0.0,0.0,0.0710339384372533,0.3314917127071823,1.089187056037885,0.6393054459352804,1.1602209944751385,1.2312549329123907,0.6393054459352804,0.6156274664561959,0.9234411996842938,0.6393054459352804,0.3078137332280979,0.5209155485398572,0.4735595895816891,0.3314917127071824,0.2367797947908445,0.3078137332280979,0.260457774269929,0.1183898973954222,0.3314917127071824,0.0236779794790844,0.0236779794790844,0.0,0.0,0.0,0.0,0.0,0.0,0.0,0.0,0.0,0.1183898973954222,0.4498816101026046,0.5209155485398579,0.2367797947908445,0.3078137332280979,0.165745856353591,0.1657458563535912,0.2131018153117601,0.3788476716653513,0.4498816101026047,0.1894238358326756,0.4025256511444351,0.2841357537490134,0.3314917127071824,0.3078137332280979,0.3551696921862668,0.6866614048934494,0.4735595895816891,0.9707971586424626,0.1420678768745067,0.0473559589581689,0.0,0.0,0.0,0.0,0.0,0.0,0.0,0.0,0.0,0.0,0.1183898973954222,0.0473559589581688,0.0710339384372533,0.2131018153117601,0.5919494869771109,0.6866614048934492,0.6393054459352803,0.3314917127071823,0.2841357537490134,0.3314917127071823,0.284135753749013,0.1894238358326756,0.260457774269929,0.3788476716653512,0.3788476716653512,0.1657458563535911,0.2367797947908445,0.2367797947908445,0.1657458563535911,0.0236779794790844,0.0,0.0,0.0,0.0,0.0,0.0,0.0,0.0,0.0,12,59599308.39140141,2.9749644766608254,3.379450936367357,1267,0.21310181531176,0.947119179163378,1.6574585635359111,0.9471191791633784,2.012628255722179,2.4388318863456973,1.9889502762430944,1.5153906866614053,2.344119968429361,2.367797947908445,1.2786108918705608,1.420678768745065,1.231254932912392,1.0655090765588004,1.0655090765588004,1.2786108918705608,1.6337805840568276,1.3733228097868986,2.5808997632202058,0.5445935280189425,0.0947119179163378,0.0,0.0,0.0,0.0,0.0,0.0,0.0,0.0,0.0,5.385761469244684,40.767215500000006,-83.823864,12,13,182523,A
0.5135252866840587,2.9190553091362457,3.1851311080180604,56.4818750104638,1.2091244257468154,2.6822916666666665,0.0,0.6328125,0.1351351351351351,0.2702702702702703,0.2702702702702702,0.6756756756756759,1.4864864864864866,2.027027027027026,1.8918918918918923,2.1621621621621623,2.4324324324324325,3.378378378378379,2.8378378378378377,1.4864864864864844,1.891891891891892,1.6216216216216215,2.1621621621621627,2.1621621621621627,1.2162162162162162,0.6756756756756759,0.9459459459459462,0.1351351351351351,0.0,0.0,0.1351351351351351,0.0,0.0,0.0,0.0,0.0,0.0,0.0,0.0,0.1351351351351351,0.0,0.5405405405405407,0.945945945945946,1.2162162162162151,0.810810810810811,0.945945945945946,0.945945945945946,0.5405405405405407,0.6756756756756758,1.0810810810810796,1.0810810810810814,0.6756756756756758,1.2162162162162165,1.621621621621622,0.4054054054054055,0.2702702702702703,0.6756756756756758,0.0,0.0,0.0,0.1351351351351351,0.0,0.0,0.0,0.0,0.0,0.0,0.0,0.0,0.1351351351351351,0.2702702702702702,0.1351351351351351,0.1351351351351351,0.5405405405405402,0.5405405405405407,0.6756756756756758,0.6756756756756758,0.4054054054054055,1.0810810810810814,0.1351351351351349,0.2702702702702703,0.4054054054054055,0.2702702702702703,0.2702702702702703,0.6756756756756758,0.0,0.1351351351351351,0.0,0.0,0.0,0.0,0.0,0.0,0.0,0.0,0.0,0.0,0.0,0.0,0.0,0.0,0.0,0.4054054054054054,0.27027027027027,0.1351351351351351,0.5405405405405406,0.4054054054054054,0.945945945945946,0.4054054054054054,0.0,0.2702702702702703,0.1351351351351351,0.0,0.0,0.1351351351351351,0.1351351351351351,0.0,0.0,0.0,0.0,0.0,0.0,0.0,0.0,0.0,0.0,0.0,0.0,12,7503599.121255425,2.8118799799755214,3.132693785259675,222,0.1351351351351351,0.2702702702702703,0.2702702702702702,0.6756756756756758,1.4864864864864868,2.027027027027026,1.8918918918918923,2.1621621621621627,2.432432432432433,3.378378378378379,2.837837837837838,1.4864864864864844,1.8918918918918923,1.621621621621622,2.1621621621621627,2.1621621621621627,1.2162162162162165,0.6756756756756758,0.9459459459459462,0.1351351351351351,0.0,0.0,0.1351351351351351,0.0,0.0,0.0,0.0,0.0,0.0,0.0,5.45515109461181,41.0267225,-81.93362099999999,12,13,182624,A
0.2611760336435106,3.2752880409184137,3.3669144864429144,74.18837327826482,1.1414997938552325,2.709812108559499,0.0,0.6784968684759917,0.5454545454545454,0.109090909090909,0.4363636363636362,0.7636363636363639,0.7636363636363638,1.418181818181817,2.2909090909090915,2.072727272727273,1.854545454545455,3.8181818181818192,1.9636363636363643,2.2909090909090875,2.072727272727273,2.2909090909090915,1.963636363636364,2.1818181818181825,0.6545454545454547,0.981818181818182,1.0909090909090913,0.4363636363636365,0.0,0.0,0.0,0.0,0.0,0.0,0.0,0.0,0.0,0.0,0.0,0.109090909090909,0.2181818181818181,0.2181818181818182,0.4363636363636364,0.7636363636363631,0.8727272727272729,0.4363636363636364,0.3272727272727273,0.5454545454545455,0.1090909090909091,0.5454545454545445,0.3272727272727273,0.3272727272727273,0.5454545454545455,0.3272727272727273,0.2181818181818182,0.2181818181818182,0.0,0.0,0.0,0.0,0.0,0.0,0.0,0.0,0.0,0.0,0.0,0.0,0.2181818181818181,0.0,0.2181818181818181,0.5454545454545456,0.3272727272727273,0.6545454545454541,0.981818181818182,0.7636363636363639,0.4363636363636365,2.1818181818181825,0.5454545454545456,0.7636363636363626,1.0909090909090913,0.872727272727273,0.872727272727273,0.872727272727273,0.3272727272727273,0.2181818181818182,0.6545454545454547,0.2181818181818182,0.0,0.0,0.0,0.0,0.0,0.0,0.0,0.0,0.0,0.0,0.0,0.0,0.0,0.0,0.0,0.0,0.1090909090909091,0.2181818181818182,0.6545454545454547,0.981818181818182,0.872727272727273,0.6545454545454537,0.5454545454545455,0.6545454545454547,0.4363636363636365,0.7636363636363639,0.0,0.3272727272727273,0.4363636363636365,0.2181818181818182,0.0,0.0,0.0,0.0,0.0,0.0,0.0,0.0,0.0,0.0,12,12732132.178630646,3.877071159518324,4.047774471504497,275,0.5454545454545454,0.109090909090909,0.4363636363636363,0.7636363636363639,0.7636363636363639,1.418181818181817,2.2909090909090915,2.072727272727273,1.854545454545455,3.818181818181819,1.963636363636364,2.2909090909090875,2.072727272727273,2.2909090909090915,1.963636363636364,2.181818181818182,0.6545454545454547,0.981818181818182,1.090909090909091,0.4363636363636364,0.0,0.0,0.0,0.0,0.0,0.0,0.0,0.0,0.0,0.0,8.535396733668733,40.2478595,-82.8665595,12,12,182694,A
0.1197915574932811,3.4481509518636675,3.4447834743353463,62.70189346578542,1.1228204496739047,2.659983291562239,0.0,0.5864661654135338,0.1666666666666666,1.0,1.0,0.5000000000000001,1.2500000000000002,1.9166666666666647,2.6666666666666674,2.0000000000000004,2.500000000000001,2.6666666666666674,2.666666666666667,2.1666666666666634,2.0000000000000004,1.6666666666666672,1.5833333333333337,0.7500000000000002,1.416666666666667,0.6666666666666669,1.3333333333333337,0.0833333333333333,0.0,0.0,0.0,0.0,0.0,0.0,0.0,0.0,0.0,0.0,0.0,0.25,0.2499999999999999,0.25,0.7500000000000002,0.6666666666666662,0.5833333333333335,0.7500000000000002,0.7500000000000002,1.0833333333333337,0.5,0.6666666666666657,0.9166666666666669,0.7500000000000002,0.3333333333333333,0.0833333333333333,0.3333333333333333,0.25,0.3333333333333333,0.0,0.0,0.0,0.0,0.0,0.0,0.0,0.0,0.0,0.0,0.0,0.0,0.5833333333333334,0.4166666666666666,0.1666666666666667,0.25,0.916666666666666,0.9166666666666669,0.5000000000000001,0.4166666666666668,0.5833333333333336,0.6666666666666669,0.2499999999999996,0.25,0.1666666666666667,0.25,0.1666666666666667,0.4166666666666668,0.0833333333333333,0.1666666666666667,0.0,0.0,0.0,0.0,0.0,0.0,0.0,0.0,0.0,0.0,0.0,0.0,0.0,0.1666666666666666,0.0,0.0,0.3333333333333331,0.9166666666666669,0.5,0.6666666666666669,0.25,0.5833333333333335,0.7499999999999989,0.5,0.5833333333333335,0.5833333333333335,0.0833333333333333,0.1666666666666667,0.0,0.4166666666666667,0.0833333333333333,0.0,0.0,0.0,0.0,0.0,0.0,0.0,0.0,0.0,0.0,12,22149515.409200624,4.007510877412744,3.071183852616989,360,0.1666666666666666,1.0,1.0,0.5000000000000001,1.2500000000000002,1.9166666666666652,2.6666666666666674,2.0000000000000004,2.5000000000000004,2.6666666666666674,2.6666666666666674,2.1666666666666634,2.0000000000000004,1.666666666666667,1.5833333333333337,0.7500000000000001,1.416666666666667,0.6666666666666669,1.3333333333333337,0.0833333333333333,0.0,0.0,0.0,0.0,0.0,0.0,0.0,0.0,0.0,0.0,7.617202200307649,42.4690026,-122.8009467,12,13,186684,A
0.2073508351410496,3.342898008549046,3.351242916704344,55.74157184475829,1.1132298796879316,2.7218045112781954,0.0,0.5890977443609022,0.3832752613240418,1.1846689895470384,1.9512195121951217,1.2195121951219516,1.707317073170732,2.0209059233449467,2.229965156794426,2.64808362369338,2.229965156794426,2.1602787456446,1.6027874564459934,1.2543554006968622,1.8118466898954708,1.5679442508710806,1.1149825783972127,1.846689895470384,0.9756097560975612,0.7317073170731709,0.8362369337979096,0.2090592334494774,0.2439024390243903,0.0696864111498258,0.0,0.0,0.0,0.0,0.0,0.0,0.0,0.0,0.0348432055749128,0.2439024390243902,0.4878048780487804,0.5574912891986065,0.6271777003484322,1.0452961672473862,0.7665505226480838,0.8013937282229966,0.6271777003484322,0.8013937282229966,0.4181184668989547,0.2787456445993027,0.6620209059233451,0.4529616724738677,0.4181184668989547,0.5923344947735193,0.6271777003484322,0.3832752613240419,0.4878048780487806,0.0348432055749129,0.0,0.0,0.0,0.0,0.0,0.0,0.0,0.0,0.0,0.0,0.1742160278745644,0.6271777003484321,0.8013937282229965,0.4878048780487806,0.6271777003484322,0.3135888501742159,0.348432055749129,0.5574912891986065,0.3135888501742161,0.5574912891986065,0.6620209059233452,0.4181184668989541,0.3135888501742161,0.2787456445993032,0.348432055749129,0.348432055749129,0.2090592334494774,0.1045296167247387,0.0696864111498258,0.1393728222996516,0.0696864111498258,0.0348432055749129,0.0,0.0,0.0,0.0,0.0,0.0,0.0,0.0,0.0,0.2439024390243902,0.5226480836236933,0.1045296167247387,0.3135888501742161,0.4181184668989544,0.3135888501742161,0.3135888501742161,0.4529616724738677,0.348432055749129,0.3135888501742161,0.2787456445993027,0.4529616724738677,0.348432055749129,0.1045296167247387,0.2787456445993032,0.0696864111498258,0.0348432055749129,0.0,0.0,0.0348432055749129,0.0,0.0,0.0,0.0,0.0,0.0,0.0,0.0,0.0,12,77242246.71183157,3.1190660936189816,3.9525685502008416,861,0.3832752613240418,1.1846689895470384,1.9512195121951217,1.2195121951219514,1.707317073170732,2.0209059233449462,2.2299651567944254,2.64808362369338,2.2299651567944254,2.1602787456446,1.6027874564459932,1.2543554006968622,1.8118466898954708,1.5679442508710804,1.1149825783972127,1.846689895470384,0.9756097560975612,0.7317073170731708,0.8362369337979095,0.2090592334494773,0.2439024390243903,0.0696864111498258,0.0,0.0,0.0,0.0,0.0,0.0,0.0,0.0,9.104916446963214,32.9934384,-117.2583224,12,13,2296285,A
0.4648668739154903,2.99389841074366,3.0742607557876407,53.45783258733311,1.071728485276613,2.957669048927982,0.0,0.6338647608576141,0.1856435643564356,0.6311881188118812,1.3737623762376237,1.4480198019801984,1.893564356435644,1.782178217821781,1.5222772277227727,3.1559405940594067,2.6361386138613865,2.0049504950495054,2.413366336633664,1.8564356435643536,1.9678217821782185,1.336633663366337,0.9282178217821784,1.5222772277227723,1.2623762376237626,0.853960396039604,1.0024752475247527,0.0742574257425742,0.0742574257425742,0.0371287128712871,0.0,0.0,0.0371287128712871,0.0,0.0,0.0,0.0,0.0,0.0371287128712871,0.1856435643564356,0.5198019801980197,0.4826732673267327,0.6311881188118813,0.6311881188118809,0.6311881188118813,1.373762376237624,1.03960396039604,0.6683168316831684,0.7054455445544555,0.4084158415841578,0.2227722772277228,0.4826732673267327,0.297029702970297,0.5569306930693071,0.9282178217821784,0.3712871287128713,0.5569306930693071,0.0,0.0742574257425742,0.0,0.0,0.0,0.0,0.0,0.0,0.0,0.0,0.0,0.0,0.1485148514851485,0.7797029702970296,0.7797029702970298,0.5940594059405943,0.4826732673267324,0.3712871287128714,0.816831683168317,0.6683168316831685,0.5940594059405943,0.7054455445544556,0.5940594059405933,0.3712871287128714,0.4084158415841585,0.1113861386138614,0.1485148514851485,0.1113861386138614,0.1113861386138614,0.0742574257425742,0.0371287128712871,0.0,0.0,0.0,0.0,0.0,0.0,0.0,0.0,0.0,0.0,0.0,0.2227722772277227,0.0371287128712871,0.1113861386138614,0.2970297029702971,0.2970297029702969,0.1485148514851485,0.2970297029702971,0.2227722772277228,0.4455445544554456,0.5569306930693071,0.4084158415841578,0.4084158415841585,0.2970297029702971,0.3341584158415842,0.4455445544554456,0.0742574257425742,0.2227722772277228,0.0742574257425742,0.0371287128712871,0.0,0.0,0.0,0.0,0.0,0.0,0.0,0.0,0.0,0.0,12,93517284.63266408,2.573310128277168,3.5864931800768827,808,0.1856435643564356,0.6311881188118812,1.3737623762376234,1.4480198019801982,1.893564356435644,1.782178217821781,1.5222772277227723,3.1559405940594063,2.6361386138613865,2.0049504950495054,2.413366336633664,1.8564356435643536,1.9678217821782185,1.336633663366337,0.9282178217821784,1.5222772277227723,1.2623762376237626,0.853960396039604,1.0024752475247527,0.0742574257425742,0.0742574257425742,0.0371287128712871,0.0,0.0,0.0371287128712871,0.0,0.0,0.0,0.0,0.0,8.197354725027859,42.94174875,-88.0476385,12,13,242272,A
0.0382017535551572,3.5416074632031944,3.5208996234191425,70.76834574091646,1.0859706457564826,2.794117647058824,0.0,0.7904411764705882,0.0,0.606060606060606,0.606060606060606,0.4545454545454546,0.4545454545454546,1.6666666666666656,1.9696969696969704,1.9696969696969704,2.727272727272728,2.575757575757576,1.96969696969697,1.6666666666666643,2.575757575757576,2.4242424242424248,1.2121212121212124,0.7575757575757578,2.2727272727272734,1.8181818181818183,1.363636363636364,0.1515151515151515,0.1515151515151515,0.1515151515151515,0.0,0.151515151515151,0.0,0.1515151515151515,0.1515151515151515,0.0,0.0,0.0,0.0,0.303030303030303,0.1515151515151515,0.3030303030303031,0.3030303030303031,1.06060606060606,0.6060606060606062,0.9090909090909092,1.2121212121212124,1.5151515151515154,0.4545454545454546,0.1515151515151513,0.6060606060606062,0.1515151515151515,0.4545454545454546,0.1515151515151515,1.2121212121212124,0.7575757575757577,0.6060606060606062,0.0,0.0,0.0,0.0,0.0,0.0,0.1515151515151515,0.0,0.0,0.0,0.0,0.0,0.303030303030303,0.4545454545454545,0.1515151515151515,0.0,0.4545454545454543,1.2121212121212124,0.6060606060606062,0.6060606060606062,0.6060606060606062,0.6060606060606062,0.6060606060606053,0.1515151515151515,0.6060606060606062,0.0,0.0,0.3030303030303031,0.3030303030303031,0.1515151515151515,0.0,0.1515151515151515,0.0,0.0,0.151515151515151,0.0,0.0,0.1515151515151515,0.0,0.0,0.0,0.0,0.0,0.0,0.0,0.0,0.0,0.1515151515151515,0.0,0.4545454545454546,0.0,0.4545454545454546,0.6060606060606052,1.2121212121212124,1.060606060606061,0.4545454545454546,0.6060606060606062,0.3030303030303031,0.4545454545454546,0.3030303030303031,0.1515151515151515,0.0,0.1515151515151515,0.0,0.0,0.0,0.0,0.0,0.0,0.0,0.0,12,13205979.20227297,2.1883111727936195,4.045367239785381,198,0.0,0.6060606060606061,0.606060606060606,0.4545454545454546,0.4545454545454546,1.6666666666666654,1.9696969696969704,1.9696969696969704,2.727272727272728,2.575757575757576,1.9696969696969704,1.6666666666666643,2.575757575757576,2.4242424242424248,1.2121212121212124,0.7575757575757577,2.2727272727272734,1.8181818181818183,1.363636363636364,0.1515151515151515,0.1515151515151515,0.1515151515151515,0.0,0.151515151515151,0.0,0.1515151515151515,0.1515151515151515,0.0,0.0,0.0,5.136583998764123,49.01946805,3.95266305,13,12,418197,A
0.7432593263158193,2.4997174550422154,2.7221085010003323,59.944320569959295,1.0899512758665642,2.755593803786575,0.0,0.5714285714285714,0.291970802919708,0.7299270072992701,0.5839416058394159,1.9708029197080292,1.1678832116788325,1.5328467153284662,2.4817518248175183,2.1897810218978107,2.1167883211678835,3.5036496350364974,1.8978102189781023,1.459854014598538,1.5328467153284673,1.6788321167883216,1.3138686131386863,0.9489051094890512,0.9489051094890512,1.3868613138686134,1.8248175182481752,0.2189781021897811,0.145985401459854,0.072992700729927,0.0,0.0,0.0,0.0,0.0,0.0,0.0,0.0,0.0,0.291970802919708,0.2919708029197079,1.0218978102189784,0.6569343065693432,0.8029197080291965,1.094890510948905,0.8759124087591241,0.7299270072992702,1.094890510948905,0.5839416058394161,0.5109489051094882,0.3649635036496351,0.437956204379562,0.5109489051094892,0.145985401459854,0.291970802919708,0.7299270072992702,0.8759124087591241,0.072992700729927,0.0,0.072992700729927,0.0,0.0,0.0,0.0,0.0,0.0,0.0,0.0,0.0,0.437956204379562,0.2919708029197079,0.8759124087591242,0.5109489051094892,0.7299270072992696,0.9489051094890512,0.8029197080291972,0.3649635036496351,0.5109489051094892,0.5109489051094892,0.4379562043795614,0.4379562043795621,0.3649635036496351,0.145985401459854,0.145985401459854,0.218978102189781,0.3649635036496351,0.218978102189781,0.0,0.0,0.0,0.0,0.0,0.0,0.0,0.0,0.0,0.0,0.0,0.0,0.0,0.0,0.072992700729927,0.0,0.0,0.218978102189781,0.4379562043795621,0.8029197080291973,0.9489051094890514,0.6569343065693433,0.2189781021897807,0.3649635036496351,0.291970802919708,0.3649635036496351,0.4379562043795621,0.145985401459854,0.145985401459854,0.218978102189781,0.0,0.072992700729927,0.0,0.0,0.0,0.0,0.0,0.0,0.0,0.0,0.0,12,16913054.654089265,3.382049067014363,2.806451612044708,411,0.291970802919708,0.7299270072992701,0.5839416058394159,1.9708029197080297,1.1678832116788325,1.5328467153284664,2.4817518248175188,2.1897810218978107,2.116788321167884,3.503649635036497,1.8978102189781028,1.459854014598538,1.5328467153284675,1.6788321167883211,1.3138686131386863,0.9489051094890514,0.9489051094890514,1.3868613138686134,1.8248175182481756,0.218978102189781,0.145985401459854,0.072992700729927,0.0,0.0,0.0,0.0,0.0,0.0,0.0,0.0,4.6686339627027165,33.850764600000005,-118.04365435,12,13,5562818,A
0.0835089515153327,3.490223186689881,3.475099575135829,167.37417747685947,1.0356111579444702,3.0384615384615383,0.0,0.6009615384615384,0.588235294117647,0.588235294117647,0.8823529411764706,0.8823529411764708,0.5882352941176472,2.352941176470587,1.7647058823529416,0.8823529411764708,1.1764705882352944,2.3529411764705888,2.647058823529412,1.7647058823529385,1.7647058823529416,1.7647058823529416,2.941176470588236,2.647058823529412,2.0588235294117654,0.5882352941176472,1.1764705882352944,0.5882352941176472,0.0,0.0,0.0,0.0,0.0,0.0,0.0,0.0,0.0,0.0,0.2941176470588235,0.588235294117647,0.0,0.2941176470588236,0.2941176470588236,0.2941176470588234,0.0,0.2941176470588236,0.2941176470588236,0.2941176470588236,1.1764705882352944,0.5882352941176462,0.0,0.2941176470588236,0.0,0.0,0.2941176470588236,0.0,0.0,0.0,0.0,0.0,0.0,0.0,0.0,0.0,0.0,0.0,0.0,0.0,0.0,0.0,0.8823529411764706,0.0,0.0,0.8823529411764701,0.0,0.2941176470588236,0.0,0.5882352941176472,0.0,0.2941176470588231,0.0,0.0,0.0,0.5882352941176472,0.5882352941176472,0.0,0.0,0.0,0.0,0.0,0.0,0.0,0.0,0.0,0.0,0.0,0.0,0.0,0.2941176470588235,0.0,0.0,0.2941176470588236,0.2941176470588236,0.88235294117647,0.8823529411764707,0.2941176470588236,0.5882352941176472,0.8823529411764707,1.1764705882352944,0.2941176470588231,1.1764705882352944,0.5882352941176472,1.1764705882352944,0.0,0.0,0.0,0.5882352941176472,0.0,0.0,0.0,0.0,0.0,0.0,0.0,0.0,0.0,0.0,0.0,12,41209956.387486674,3.185259075762704,3.830989280615235,102,0.5882352941176471,0.5882352941176471,0.8823529411764705,0.8823529411764707,0.5882352941176472,2.352941176470587,1.7647058823529411,0.8823529411764707,1.1764705882352944,2.3529411764705888,2.647058823529412,1.764705882352939,1.7647058823529411,1.7647058823529411,2.941176470588236,2.647058823529412,2.0588235294117654,0.5882352941176472,1.1764705882352944,0.5882352941176472,0.0,0.0,0.0,0.0,0.0,0.0,0.0,0.0,0.0,0.0,6.664406730059147,49.088139,2.2768879,12,12,571210,A
0.2004015937320586,3.3514574578848824,3.3944324011557114,84.5634753486559,1.118643748092524,2.7134502923976607,0.0,0.7099415204678362,0.2352941176470588,0.4705882352941176,0.3529411764705882,1.2941176470588238,1.058823529411765,0.8235294117647054,1.1764705882352944,2.470588235294118,4.352941176470589,2.3529411764705888,1.8823529411764712,1.4117647058823508,2.0000000000000004,2.0000000000000004,1.882352941176471,1.4117647058823533,2.0000000000000004,1.1764705882352944,1.5294117647058827,0.0,0.1176470588235294,0.0,0.0,0.0,0.0,0.0,0.0,0.0,0.0,0.0,0.0,0.2352941176470588,0.2352941176470588,0.4705882352941178,0.3529411764705882,0.2352941176470586,0.4705882352941178,1.058823529411765,1.058823529411765,0.3529411764705882,0.4705882352941178,0.3529411764705877,0.4705882352941178,0.4705882352941178,0.2352941176470589,0.2352941176470589,0.3529411764705882,0.3529411764705882,0.4705882352941178,0.0,0.0,0.0,0.0,0.0,0.0,0.0,0.0,0.0,0.0,0.0,0.0,0.1176470588235294,0.1176470588235294,0.4705882352941177,0.7058823529411766,0.4705882352941174,0.5882352941176472,0.9411764705882356,1.529411764705883,0.9411764705882356,0.8235294117647062,0.470588235294117,0.5882352941176472,0.7058823529411766,0.7058823529411766,0.4705882352941177,1.058823529411765,0.4705882352941177,0.7058823529411766,0.0,0.1176470588235294,0.0,0.0,0.0,0.0,0.0,0.0,0.0,0.0,0.0,0.0,0.1176470588235294,0.0,0.1176470588235294,0.0,0.0,0.0,0.0,0.9411764705882354,0.5882352941176472,0.5882352941176472,0.3529411764705877,0.3529411764705882,0.5882352941176472,0.9411764705882354,0.4705882352941177,0.2352941176470588,0.3529411764705882,0.2352941176470588,0.0,0.0,0.0,0.0,0.0,0.0,0.0,0.0,0.0,0.0,0.0,12,19604977.89990348,4.3089707416878085,7.432150148405344,255,0.2352941176470588,0.4705882352941176,0.3529411764705882,1.2941176470588238,1.058823529411765,0.8235294117647053,1.1764705882352944,2.470588235294118,4.352941176470589,2.3529411764705888,1.882352941176471,1.411764705882351,2.0000000000000004,2.0000000000000004,1.882352941176471,1.4117647058823533,2.0000000000000004,1.1764705882352944,1.5294117647058827,0.0,0.1176470588235294,0.0,0.0,0.0,0.0,0.0,0.0,0.0,0.0,0.0,10.579400045535154,30.20892585,-95.73793595,12,12,6586793,A
0.8149336590965218,2.331565040829158,2.3808575330914974,112.3929073032181,1.0958254380005776,2.990990990990991,0.0,0.5968468468468469,0.4411764705882353,0.0,0.0,0.5882352941176472,0.1470588235294118,0.1470588235294117,0.8823529411764708,1.470588235294118,1.3235294117647065,1.9117647058823533,0.5882352941176472,1.3235294117647045,0.735294117647059,1.6176470588235297,1.7647058823529416,1.7647058823529416,1.9117647058823533,2.0588235294117654,8.676470588235297,2.3529411764705888,0.2941176470588236,0.0,0.0,0.0,0.0,0.0,0.0,0.0,0.0,0.0,0.0,0.0,0.0,0.2941176470588236,0.0,0.0,0.0,0.2941176470588236,0.1470588235294118,0.4411764705882353,0.0,0.0,0.0,0.2941176470588236,0.1470588235294118,0.0,0.0,0.1470588235294118,0.1470588235294118,0.0,0.0,0.0,0.0,0.0,0.0,0.0,0.0,0.0,0.0,0.0,0.0,0.0,0.0,0.2941176470588236,0.1470588235294118,0.1470588235294117,0.4411764705882354,0.4411764705882354,0.4411764705882354,0.8823529411764708,0.1470588235294118,0.4411764705882347,0.2941176470588236,0.2941176470588236,0.1470588235294118,0.2941176470588236,0.735294117647059,0.4411764705882354,0.8823529411764708,0.0,0.0,0.0,0.0,0.0,0.0,0.0,0.0,0.0,0.0,0.0,0.0,0.0,0.0,0.0,0.0,0.0,0.0,0.1470588235294118,0.0,0.1470588235294118,0.0,0.1470588235294115,0.2941176470588236,0.1470588235294118,1.0294117647058827,0.8823529411764708,0.5882352941176473,1.0294117647058827,7.647058823529414,1.9117647058823533,0.0,0.0,0.0,0.0,0.0,0.0,0.0,0.0,0.0,0.0,12,32960447.71067275,4.019064953691326,2.5834253697283565,204,0.4411764705882353,0.0,0.0,0.5882352941176472,0.1470588235294118,0.1470588235294117,0.8823529411764707,1.470588235294118,1.323529411764706,1.9117647058823533,0.5882352941176472,1.3235294117647038,0.735294117647059,1.6176470588235297,1.7647058823529411,1.7647058823529411,1.9117647058823533,2.0588235294117654,8.676470588235297,2.3529411764705888,0.2941176470588236,0.0,0.0,0.0,0.0,0.0,0.0,0.0,0.0,0.0,7.758327495226851,34.28573565,-91.33707525,12,13,6692290,A
0.3482300945772242,3.1604952448958934,3.191349680025067,51.63346392368084,1.078108345328467,2.742537313432836,0.0,0.6194029850746269,0.4891304347826087,1.141304347826087,0.3260869565217391,0.6521739130434785,1.1413043478260874,1.4673913043478253,2.771739130434784,3.260869565217392,2.2826086956521743,3.4239130434782616,3.260869565217392,2.4456521739130395,1.4673913043478266,1.1413043478260871,0.4891304347826088,0.6521739130434785,0.8152173913043481,0.3260869565217392,2.2826086956521747,0.1630434782608696,0.0,0.0,0.0,0.0,0.0,0.0,0.0,0.0,0.0,0.0,0.3260869565217391,0.6521739130434783,0.1630434782608695,0.3260869565217392,0.3260869565217392,0.3260869565217389,1.304347826086957,0.6521739130434785,0.3260869565217392,1.9565217391304357,0.815217391304348,0.3260869565217387,0.3260869565217392,0.4891304347826088,0.3260869565217392,0.1630434782608696,0.3260869565217392,0.3260869565217392,0.815217391304348,0.0,0.0,0.0,0.0,0.0,0.0,0.0,0.0,0.0,0.0,0.0,0.1630434782608695,0.1630434782608695,0.0,0.0,0.4891304347826087,0.4891304347826083,0.6521739130434784,1.3043478260869568,0.6521739130434784,0.4891304347826087,1.3043478260869568,0.8152173913043466,0.3260869565217392,0.0,0.0,0.3260869565217392,0.0,0.0,1.1413043478260874,0.0,0.0,0.0,0.0,0.0,0.0,0.0,0.0,0.0,0.0,0.0,0.0,0.0,0.0,0.1630434782608696,0.3260869565217392,0.3260869565217389,0.4891304347826088,0.4891304347826088,0.4891304347826088,0.4891304347826088,0.3260869565217392,0.3260869565217387,0.1630434782608696,0.3260869565217392,0.1630434782608696,0.1630434782608696,0.1630434782608696,0.0,0.0,0.0,0.0,0.0,0.0,0.0,0.0,0.0,0.0,0.0,0.0,0.0,12,6205492.530422742,2.8165380671294407,1.7117045384705998,184,0.4891304347826087,1.141304347826087,0.3260869565217391,0.6521739130434784,1.1413043478260874,1.467391304347825,2.771739130434783,3.260869565217392,2.2826086956521747,3.4239130434782616,3.260869565217392,2.44565217391304,1.4673913043478264,1.1413043478260874,0.4891304347826087,0.6521739130434784,0.815217391304348,0.3260869565217392,2.2826086956521747,0.1630434782608696,0.0,0.0,0.0,0.0,0.0,0.0,0.0,0.0,0.0,0.0,2.3049134040138712,45.725297600000005,-73.49162515,12,14,7706381,A
0.0838892324867311,3.4897865871930014,3.4339098055633297,92.099989844241,1.147613406101712,2.9696969696969697,0.0,0.675990675990676,0.7772020725388601,0.932642487046632,0.6217616580310881,1.3989637305699487,1.7098445595854923,3.2642487046632107,1.3989637305699487,1.3989637305699485,2.9533678756476687,1.5544041450777206,1.2435233160621766,2.953367875647664,1.7098445595854923,2.020725388601037,1.0880829015544045,2.176165803108809,1.2435233160621764,0.9326424870466324,0.155440414507772,0.3108808290155441,0.0,0.0,0.155440414507772,0.0,0.0,0.0,0.0,0.0,0.0,0.0,0.155440414507772,0.7772020725388601,0.155440414507772,0.6217616580310883,0.4663212435233161,1.8652849740932635,0.4663212435233161,0.4663212435233161,0.6217616580310883,0.3108808290155441,0.4663212435233161,0.4663212435233154,0.155440414507772,0.0,0.155440414507772,0.3108808290155441,0.0,0.155440414507772,0.0,0.0,0.0,0.0,0.0,0.0,0.0,0.0,0.0,0.0,0.0,0.0,0.155440414507772,0.155440414507772,0.466321243523316,0.6217616580310883,0.7772020725388603,1.3989637305699474,0.6217616580310883,0.3108808290155441,0.9326424870466322,0.6217616580310883,0.6217616580310883,0.6217616580310872,0.4663212435233161,0.6217616580310883,0.3108808290155441,1.3989637305699485,0.7772020725388603,0.4663212435233161,0.155440414507772,0.3108808290155441,0.0,0.0,0.0,0.0,0.0,0.0,0.0,0.0,0.0,0.0,0.0,0.0,0.0,0.155440414507772,0.3108808290155441,0.0,0.155440414507772,0.6217616580310882,1.2435233160621764,0.466321243523316,0.155440414507772,0.1554404145077718,0.6217616580310882,1.2435233160621764,0.6217616580310882,0.155440414507772,0.3108808290155441,0.3108808290155441,0.0,0.0,0.0,0.0,0.155440414507772,0.0,0.0,0.0,0.0,0.0,0.0,0.0,12,26989105.20431727,3.34313168632146,4.669597461014229,193,0.7772020725388601,0.932642487046632,0.621761658031088,1.3989637305699485,1.7098445595854923,3.2642487046632107,1.3989637305699485,1.3989637305699485,2.953367875647669,1.5544041450777204,1.2435233160621764,2.953367875647664,1.7098445595854923,2.020725388601037,1.0880829015544045,2.176165803108809,1.2435233160621764,0.9326424870466322,0.155440414507772,0.3108808290155441,0.0,0.0,0.155440414507772,0.0,0.0,0.0,0.0,0.0,0.0,0.0,8.679253289223519,44.98410975,-64.9147448,12,12,9109627,A
0.4094330908887982,3.075126760656427,2.95426684023563,65.51519758790337,1.0384860505028686,3.12269548633185,0.0,0.6013986013986014,0.1061320754716981,0.4599056603773584,0.6367924528301885,0.813679245283019,1.0259433962264153,1.8042452830188669,2.158018867924529,4.068396226415096,2.9363207547169816,3.113207547169812,3.7146226415094343,1.8749999999999971,1.7334905660377362,1.5919811320754722,1.1320754716981134,1.0613207547169814,0.6721698113207548,0.5660377358490567,0.4952830188679247,0.0,0.0,0.0,0.0,0.0353773584905659,0.0,0.0,0.0,0.0,0.0,0.0,0.0,0.1061320754716981,0.2122641509433962,0.4599056603773586,0.4599056603773586,0.2830188679245281,0.3183962264150944,0.1415094339622642,0.5306603773584907,0.2476415094339623,0.1415094339622642,0.4952830188679238,0.3537735849056604,0.1061320754716981,0.2122641509433962,0.3183962264150944,0.3183962264150944,0.1768867924528302,0.1768867924528302,0.0,0.0,0.0,0.0,0.0,0.0,0.0,0.0,0.0,0.0,0.0,0.0,0.1415094339622641,0.1768867924528301,0.1768867924528302,0.3891509433962264,0.5306603773584903,0.6367924528301888,1.2382075471698115,0.7075471698113209,1.662735849056604,2.5471698113207557,0.7429245283018857,0.9551886792452832,1.0613207547169814,0.5660377358490567,0.5306603773584907,0.1061320754716981,0.2476415094339623,0.2476415094339623,0.0,0.0,0.0,0.0,0.0353773584905659,0.0,0.0,0.0,0.0,0.0,0.0,0.0,0.035377358490566,0.035377358490566,0.0707547169811321,0.035377358490566,0.141509433962264,0.4245283018867925,0.8844339622641512,0.778301886792453,0.5306603773584907,0.5306603773584907,0.3183962264150939,0.3183962264150944,0.3183962264150944,0.2122641509433962,0.1415094339622642,0.2122641509433962,0.0707547169811321,0.0707547169811321,0.0,0.0,0.0,0.0,0.0,0.0,0.0,0.0,0.0,0.0,0.0,12,114869188.58896977,3.040617310959846,3.3609042063046943,848,0.1061320754716981,0.4599056603773584,0.6367924528301886,0.813679245283019,1.0259433962264153,1.8042452830188669,2.158018867924529,4.068396226415096,2.9363207547169816,3.113207547169812,3.714622641509435,1.8749999999999971,1.7334905660377362,1.591981132075472,1.1320754716981134,1.0613207547169814,0.6721698113207548,0.5660377358490567,0.4952830188679246,0.0,0.0,0.0,0.0,0.0353773584905659,0.0,0.0,0.0,0.0,0.0,0.0,6.22171234454361,53.56852555,-113.44198925,12,12,9851569,A
0.6275267411374157,2.727452309293906,2.5745578316411613,87.80122215457759,1.0303917790377173,2.9947780678851177,0.0,0.804177545691906,0.1744186046511628,1.2209302325581397,1.4825581395348837,0.7848837209302326,1.0465116279069768,2.3546511627906965,0.9593023255813956,2.0058139534883725,3.401162790697676,2.965116279069768,1.656976744186047,2.005813953488369,1.482558139534884,1.5697674418604652,1.3081395348837213,2.005813953488372,1.1337209302325582,0.8720930232558142,1.3081395348837213,0.1744186046511628,0.0,0.0,0.0872093023255814,0.0,0.0,0.0,0.0,0.0,0.0,0.0,0.0,0.6976744186046512,0.3488372093023255,0.1744186046511628,0.0872093023255814,0.6104651162790694,0.0872093023255814,0.2616279069767442,0.6976744186046514,0.3488372093023257,0.61046511627907,0.6976744186046502,0.1744186046511628,0.2616279069767442,0.2616279069767442,1.0465116279069768,0.0872093023255814,0.0872093023255814,0.0,0.0,0.0,0.0,0.0872093023255814,0.0,0.0,0.0,0.0,0.0,0.0,0.0,0.0872093023255814,0.5232558139534884,0.6976744186046511,0.1744186046511628,0.3488372093023256,0.6104651162790694,0.436046511627907,0.7848837209302326,0.6104651162790699,1.5697674418604652,0.2616279069767442,0.3488372093023251,0.3488372093023256,0.2616279069767442,0.2616279069767442,0.0872093023255814,0.436046511627907,0.1744186046511628,0.2616279069767442,0.0872093023255814,0.0,0.0,0.0,0.0,0.0,0.0,0.0,0.0,0.0,0.0,0.0872093023255814,0.0,0.3488372093023255,0.1744186046511628,0.6104651162790699,0.6976744186046508,0.3488372093023256,0.3488372093023256,0.8720930232558142,0.3488372093023256,0.2616279069767442,0.4360465116279063,0.5232558139534884,0.4360465116279071,0.4360465116279071,0.5232558139534884,0.5232558139534884,0.6104651162790699,0.8720930232558142,0.0872093023255814,0.0,0.0,0.0,0.0,0.0,0.0,0.0,0.0,0.0,0.0,12,50252036.96207458,3.706615578285884,3.25800135416555,344,0.1744186046511628,1.2209302325581397,1.4825581395348837,0.7848837209302327,1.0465116279069768,2.3546511627906965,0.9593023255813956,2.0058139534883725,3.401162790697675,2.9651162790697683,1.6569767441860468,2.005813953488369,1.482558139534884,1.5697674418604657,1.3081395348837213,2.0058139534883725,1.1337209302325584,0.8720930232558142,1.3081395348837213,0.1744186046511628,0.0,0.0,0.0872093023255814,0.0,0.0,0.0,0.0,0.0,0.0,0.0,5.753493431844978,24.4637718,54.3868868,12,13,13251310,A
0.6548983752409532,2.67722281188895,2.5482862962702133,77.13800789646979,1.0356897642080467,2.951541850220264,0.0,0.7647577092511013,0.1183431952662721,0.4733727810650888,0.8875739644970413,0.5325443786982249,0.7100591715976332,0.5917159763313606,1.3017751479289943,2.011834319526628,2.840236686390533,3.846153846153847,1.9526627218934915,1.8934911242603525,2.011834319526628,2.3668639053254443,2.544378698224853,1.9526627218934915,0.8284023668639056,0.8284023668639056,2.011834319526628,0.2958579881656805,0.0,0.0,0.0,0.0,0.0,0.0,0.0,0.0,0.0,0.0,0.059171597633136,0.2366863905325443,0.2366863905325443,0.1775147928994083,0.2366863905325444,0.0,0.1183431952662722,0.2958579881656805,0.7692307692307694,1.8934911242603556,0.4142011834319528,0.473372781065088,0.4733727810650888,0.9467455621301776,0.7692307692307694,0.8284023668639056,0.1775147928994083,0.1183431952662722,0.4733727810650888,0.0,0.0,0.0,0.0,0.0,0.0,0.0,0.0,0.0,0.0,0.0,0.0,0.1775147928994083,0.6508875739644969,0.2958579881656805,0.2958579881656805,0.2958579881656803,0.4733727810650889,0.7692307692307694,0.4733727810650889,0.6508875739644971,0.5325443786982249,0.414201183431952,0.2366863905325444,0.1775147928994083,0.4733727810650889,0.2958579881656805,0.2958579881656805,0.2366863905325444,0.5917159763313611,0.0,0.0,0.0,0.0,0.0,0.0,0.0,0.0,0.0,0.0,0.0,0.0,0.0591715976331361,0.0,0.0591715976331361,0.1775147928994083,0.1183431952662721,0.5325443786982249,0.4142011834319528,0.6508875739644971,0.1775147928994083,0.4142011834319528,0.5917159763313601,0.5917159763313611,0.5917159763313611,0.4733727810650889,0.5325443786982249,0.3550295857988166,0.4733727810650889,0.8284023668639056,0.2958579881656805,0.0,0.0,0.0,0.0,0.0,0.0,0.0,0.0,0.0,0.0,12,75707659.43880893,3.362999879854731,3.6639473477964057,507,0.1183431952662721,0.4733727810650887,0.8875739644970412,0.532544378698225,0.7100591715976332,0.5917159763313606,1.3017751479289943,2.011834319526628,2.840236686390533,3.846153846153847,1.9526627218934915,1.8934911242603525,2.011834319526628,2.3668639053254443,2.5443786982248526,1.9526627218934915,0.8284023668639056,0.8284023668639056,2.011834319526628,0.2958579881656805,0.0,0.0,0.0,0.0,0.0,0.0,0.0,0.0,0.0,0.0,6.389649404156967,24.4852856,54.3686669,12,13,13251311,A
0.5674545516512629,2.831584760657158,2.760083269780281,68.3813717617716,1.034925355026571,2.9576719576719577,0.0,0.8042328042328042,0.0,0.0,0.5056179775280898,0.6741573033707867,0.6741573033707867,1.5168539325842687,2.02247191011236,2.191011235955057,3.202247191011237,2.696629213483147,2.6966292134831464,1.3483146067415712,2.8651685393258437,2.359550561797753,2.52808988764045,0.8426966292134834,0.6741573033707866,0.6741573033707866,1.6853932584269669,0.3370786516853933,0.1685393258426966,0.1685393258426966,0.1685393258426966,0.0,0.0,0.0,0.0,0.0,0.0,0.0,0.0,0.0,0.1685393258426966,0.1685393258426966,0.3370786516853933,0.1685393258426965,0.8426966292134833,0.3370786516853933,1.6853932584269666,1.3483146067415734,0.8426966292134833,0.5056179775280892,0.6741573033707867,0.6741573033707867,0.8426966292134833,0.3370786516853933,0.0,0.0,0.6741573033707867,0.1685393258426966,0.0,0.0,0.0,0.0,0.0,0.0,0.0,0.0,0.0,0.0,0.0,0.0,0.3370786516853932,0.3370786516853933,0.0,0.3370786516853931,0.6741573033707866,1.1797752808988768,0.5056179775280899,0.8426966292134834,0.5056179775280899,0.1685393258426964,0.6741573033707866,0.1685393258426966,0.5056179775280899,0.0,0.5056179775280899,0.5056179775280899,0.0,0.0,0.0,0.0,0.0,0.0,0.0,0.0,0.0,0.0,0.0,0.0,0.0,0.0,0.0,0.1685393258426966,0.3370786516853933,0.6741573033707862,0.50561797752809,0.50561797752809,0.50561797752809,0.1685393258426966,0.50561797752809,0.5056179775280892,0.6741573033707867,1.1797752808988768,0.6741573033707867,0.3370786516853933,0.1685393258426966,0.0,0.50561797752809,0.0,0.0,0.0,0.0,0.0,0.0,0.0,0.0,0.0,0.0,0.0,12,10489499.500948764,2.483244759113062,2.034541937327245,178,0.0,0.0,0.5056179775280898,0.6741573033707867,0.6741573033707867,1.5168539325842687,2.02247191011236,2.191011235955057,3.2022471910112364,2.696629213483147,2.696629213483147,1.3483146067415712,2.8651685393258437,2.359550561797753,2.52808988764045,0.8426966292134833,0.6741573033707867,0.6741573033707867,1.6853932584269666,0.3370786516853933,0.1685393258426966,0.1685393258426966,0.1685393258426966,0.0,0.0,0.0,0.0,0.0,0.0,0.0,2.592929594033034,24.48266495,54.35199025,12,14,13251312,A
0.4023356436005543,3.0852464298313027,2.9162755948672143,105.65040447655196,1.0414660255152797,2.9415384615384617,0.0,0.8107692307692308,0.1030927835051546,0.3092783505154639,0.7216494845360824,1.237113402061856,0.8247422680412373,0.6185567010309275,1.030927835051547,1.3402061855670104,3.09278350515464,3.4020618556701043,2.4742268041237123,1.9587628865979356,2.783505154639176,2.4742268041237123,1.6494845360824746,1.2371134020618562,0.9278350515463922,1.0309278350515467,2.474226804123712,0.2061855670103093,0.0,0.1030927835051546,0.0,0.0,0.0,0.0,0.0,0.0,0.0,0.0,0.0,0.0,0.0,0.1030927835051546,0.1030927835051546,0.0,0.0,0.1030927835051546,0.4123711340206187,1.7525773195876295,0.618556701030928,0.5154639175257725,0.927835051546392,0.618556701030928,0.309278350515464,0.2061855670103093,0.0,0.1030927835051546,0.1030927835051546,0.0,0.0,0.1030927835051546,0.0,0.0,0.0,0.0,0.0,0.0,0.0,0.0,0.0,0.1030927835051546,0.3092783505154639,0.5154639175257733,0.2061855670103093,0.2061855670103091,0.1030927835051546,0.309278350515464,0.4123711340206186,0.5154639175257733,0.4123711340206186,0.5154639175257725,0.618556701030928,0.309278350515464,0.2061855670103093,0.2061855670103093,0.1030927835051546,0.309278350515464,1.0309278350515465,0.0,0.0,0.0,0.0,0.0,0.0,0.0,0.0,0.0,0.0,0.0,0.0,0.2061855670103093,0.4123711340206185,0.309278350515464,0.4123711340206186,0.4123711340206183,0.7216494845360828,0.309278350515464,0.927835051546392,0.618556701030928,0.4123711340206186,0.412371134020618,0.4123711340206186,0.8247422680412373,0.5154639175257733,0.618556701030928,0.7216494845360828,0.4123711340206186,1.3402061855670109,0.2061855670103093,0.0,0.0,0.0,0.0,0.0,0.0,0.0,0.0,0.0,0.0,12,83460836.97013687,3.740067561981734,4.778574369240785,291,0.1030927835051546,0.3092783505154639,0.7216494845360824,1.237113402061856,0.8247422680412373,0.6185567010309274,1.0309278350515465,1.3402061855670109,3.09278350515464,3.402061855670104,2.474226804123712,1.9587628865979356,2.783505154639176,2.474226804123712,1.6494845360824746,1.237113402061856,0.927835051546392,1.0309278350515465,2.474226804123712,0.2061855670103093,0.0,0.1030927835051546,0.0,0.0,0.0,0.0,0.0,0.0,0.0,0.0,7.631926703016284,24.44114455,54.39007,12,12,13251315,A
0.4013375549348771,3.086664693362099,2.939639284702685,78.23238382488506,1.0590029174962508,2.9347319347319347,0.0,0.9452214452214452,0.6940874035989717,0.1542416452442159,0.3856041131105397,1.079691516709512,2.159383033419024,2.853470437017993,2.467866323907456,2.69922879177378,3.0077120822622114,3.3933161953727518,2.0051413881748075,0.7712082262210787,0.9254498714652956,1.4652956298200517,1.696658097686376,1.6966580976863757,0.4627249357326479,0.8483290488431878,0.8483290488431878,0.3084832904884319,0.0,0.0,0.0,0.0771208226221077,0.0,0.0,0.0,0.0,0.0,0.0,0.0771208226221079,0.0,0.0771208226221079,0.2313624678663239,0.5398457583547559,1.002570694087403,1.3881748071979438,1.4652956298200517,1.3881748071979438,1.002570694087404,0.6169665809768639,0.1542416452442157,0.2313624678663239,0.6169665809768639,0.7712082262210799,0.3084832904884319,0.0771208226221079,0.0,0.0,0.0,0.0,0.0,0.0,0.0,0.0,0.0,0.0,0.0,0.0,0.0,0.4627249357326478,0.1542416452442159,0.1542416452442158,0.0771208226221079,0.2313624678663239,0.1542416452442158,0.1542416452442159,0.4627249357326479,0.4627249357326479,0.6169665809768639,0.3084832904884319,0.1542416452442157,0.0,0.0,0.1542416452442159,0.2313624678663239,0.0,0.3856041131105399,0.4627249357326479,0.1542416452442159,0.0,0.0,0.0,0.0771208226221077,0.0,0.0,0.0,0.0,0.0,0.0,0.0771208226221079,0.0,0.0,0.077120822622108,0.077120822622108,0.0,0.077120822622108,0.154241645244216,0.308483290488432,0.4627249357326479,0.4627249357326479,0.0771208226221078,0.4627249357326479,0.38560411311054,0.6940874035989719,0.8483290488431878,0.2313624678663239,0.38560411311054,0.154241645244216,0.154241645244216,0.0,0.0,0.0,0.0,0.0,0.0,0.0,0.0,0.0,0.0,12,53694002.619817264,4.591831790029537,5.666115843568987,389,0.6940874035989717,0.1542416452442159,0.3856041131105397,1.0796915167095118,2.159383033419024,2.853470437017993,2.4678663239074554,2.69922879177378,3.0077120822622114,3.3933161953727518,2.005141388174808,0.7712082262210785,0.9254498714652958,1.4652956298200517,1.6966580976863757,1.6966580976863757,0.4627249357326479,0.8483290488431878,0.8483290488431878,0.3084832904884319,0.0,0.0,0.0,0.0771208226221077,0.0,0.0,0.0,0.0,0.0,0.0,6.622965252638974,25.2605756,55.377265,12,12,14506845,A
0.0679665973697785,3.507990457782678,3.497750564138152,77.72198614923326,1.059218657171606,2.634696755994358,0.0,0.734132581100141,0.2102803738317757,0.9813084112149532,1.0514018691588785,1.6822429906542058,1.3317757009345796,1.2616822429906531,1.8224299065420564,2.523364485981309,2.4532710280373835,2.3831775700934585,2.242990654205608,2.593457943925229,2.5934579439252343,1.4018691588785048,1.5420560747663552,0.8411214953271029,0.7009345794392525,0.7009345794392524,0.5607476635514019,0.3504672897196262,0.0700934579439252,0.2102803738317757,0.0,0.070093457943925,0.3504672897196262,0.0700934579439252,0.0,0.0,0.0,0.0,0.2102803738317757,0.2803738317757009,0.1401869158878504,0.4906542056074767,0.5607476635514019,0.3504672897196259,0.7009345794392524,0.5607476635514019,0.7710280373831777,0.4205607476635514,0.7009345794392524,0.2102803738317753,0.8411214953271029,0.2803738317757009,0.1401869158878504,0.1401869158878504,0.2102803738317757,0.4906542056074767,0.0700934579439252,0.0,0.0,0.0700934579439252,0.0,0.070093457943925,0.1401869158878504,0.0,0.0,0.0,0.0,0.0,0.0,0.6308411214953271,0.7710280373831775,0.9813084112149536,0.4205607476635515,0.3504672897196259,0.560747663551402,0.4205607476635515,0.4906542056074767,0.7009345794392525,0.6308411214953272,0.4205607476635508,0.6308411214953272,0.6308411214953272,0.560747663551402,0.280373831775701,0.3504672897196262,0.2102803738317757,0.1401869158878505,0.2102803738317757,0.0700934579439252,0.1401869158878505,0.0,0.0,0.2102803738317757,0.0700934579439252,0.0,0.0,0.0,0.0,0.0,0.0700934579439252,0.0700934579439252,0.1401869158878504,0.3504672897196262,0.5607476635514015,0.4906542056074767,1.401869158878505,0.8411214953271029,0.7009345794392525,0.4205607476635514,0.9112149532710266,0.4906542056074767,0.1401869158878504,0.4205607476635514,0.0700934579439252,0.0700934579439252,0.0,0.1401869158878504,0.1401869158878504,0.0,0.0,0.0,0.0,0.0,0.0,0.0,0.0,0.0,0.0,12,73192195.6082641,4.287204995847773,4.00191851200757,428,0.2102803738317757,0.9813084112149532,1.0514018691588782,1.6822429906542058,1.3317757009345796,1.2616822429906531,1.8224299065420568,2.523364485981309,2.4532710280373835,2.3831775700934585,2.242990654205608,2.59345794392523,2.5934579439252343,1.4018691588785048,1.5420560747663554,0.8411214953271029,0.7009345794392524,0.7009345794392524,0.560747663551402,0.3504672897196262,0.0700934579439252,0.2102803738317757,0.0,0.070093457943925,0.3504672897196262,0.0700934579439252,0.0,0.0,0.0,0.0,10.603748296540246,20.70760135,-100.45886985,12,13,4062439,A
