10192442_network.png,N (No Data)
10312577_network.png,D (Inefficient)
10401812_network.png,A (Very Efficient)
10716519_network.png,C (Partially Efficient)
10784825_network.png,D (Inefficient)
10784829_network.png,D (Inefficient)
10784832_network.png,D (Inefficient)
10788013_network.png,D (Inefficient)
10788016_network.png,D (Inefficient)
10788022_network.png,D (Inefficient)
10854586_network.png,D (Inefficient)
10959701_network.png,C (Partially Efficient)
11075421_network.png,D (Inefficient)
11149287_network.png,C (Partially Efficient)
11157973_network.png,C (Partially Efficient)
11278380_network.png,C (Partially Efficient)
11278389_network.png,D (Inefficient)
11293368_network.png,C (Partially Efficient)
11293597_network.png,C (Partially Efficient)
11293649_network.png,C (Partially Efficient)
11293650_network.png,C (Partially Efficient)
11293651_network.png,C (Partially Efficient)
11293734_network.png,C (Partially Efficient)
11300355_network.png,N (No Data)
11300356_network.png,D (Inefficient)
11300357_network.png,D (Inefficient)
11300358_network.png,D (Inefficient)
11300359_network.png,A (Very Efficient)
11300360_network.png,N (No Data)
11300361_network.png,D (Inefficient)
11300362_network.png,D (Inefficient)
11300363_network.png,D (Inefficient)
11303615_network.png,C (Partially Efficient)
11303616_network.png,C (Partially Efficient)
11303617_network.png,N (No Data)
11303618_network.png,N (No Data)
11303656_network.png,C (Partially Efficient)
11303683_network.png,N (No Data)
11303734_network.png,C (Partially Efficient)
11306814_network.png,C (Partially Efficient)
11306820_network.png,D (Inefficient)
11306894_network.png,D (Inefficient)
11314803_network.png,D (Inefficient)
11369258_network.png,D (Inefficient)
1145353_network.png,D (Inefficient)
11491335_network.png,D (Inefficient)
11491408_network.png,D (Inefficient)
11493015_network.png,C (Partially Efficient)
11493061_network.png,D (Inefficient)
11493447_network.png,C (Partially Efficient)
11498680_network.png,D (Inefficient)
11518378_network.png,D (Inefficient)
11520170_network.png,D (Inefficient)
11528134_network.png,D (Inefficient)
11530720_network.png,D (Inefficient)
11530731_network.png,D (Inefficient)
11545851_network.png,D (Inefficient)
11549160_network.png,D (Inefficient)
11549165_network.png,D (Inefficient)
11549166_network.png,D (Inefficient)
11569458_network.png,D (Inefficient)
11569464_network.png,C (Partially Efficient)
11569482_network.png,C (Partially Efficient)
11569579_network.png,C (Partially Efficient)
11569594_network.png,D (Inefficient)
11570781_network.png,D (Inefficient)
11570925_network.png,D (Inefficient)
11571199_network.png,D (Inefficient)
11571326_network.png,D (Inefficient)
11571341_network.png,C (Partially Efficient)
11571362_network.png,C (Partially Efficient)
11571723_network.png,D (Inefficient)
11571788_network.png,N (No Data)
11571791_network.png,D (Inefficient)
11571794_network.png,D (Inefficient)
11571810_network.png,D (Inefficient)
11571834_network.png,D (Inefficient)
11571844_network.png,N (No Data)
11571849_network.png,D (Inefficient)
11571851_network.png,C (Partially Efficient)
11586474_network.png,B (Efficient)
11596904_network.png,C (Partially Efficient)
11610469_network.png,D (Inefficient)
11612961_network.png,D (Inefficient)
11629458_network.png,A (Very Efficient)
11629487_network.png,C (Partially Efficient)
11641234_network.png,C (Partially Efficient)
11641248_network.png,D (Inefficient)
11641264_network.png,B (Efficient)
11641334_network.png,D (Inefficient)
11651038_network.png,D (Inefficient)
11671219_network.png,D (Inefficient)
11690260_network.png,D (Inefficient)
11747352_network.png,D (Inefficient)
11772057_network.png,D (Inefficient)
11772445_network.png,D (Inefficient)
11772460_network.png,D (Inefficient)
11845462_network.png,D (Inefficient)
11905878_network.png,D (Inefficient)
11922129_network.png,D (Inefficient)
11922185_network.png,B (Efficient)
11922198_network.png,D (Inefficient)
11924728_network.png,C (Partially Efficient)
11924876_network.png,C (Partially Efficient)
11960156_network.png,D (Inefficient)
11960636_network.png,C (Partially Efficient)
11970492_network.png,C (Partially Efficient)
12006044_network.png,D (Inefficient)
12006874_network.png,D (Inefficient)
12009520_network.png,D (Inefficient)
12014883_network.png,N (No Data)
12030621_network.png,C (Partially Efficient)
12039226_network.png,D (Inefficient)
12089477_network.png,C (Partially Efficient)
12092475_network.png,C (Partially Efficient)
12092972_network.png,D (Inefficient)
12098334_network.png,B (Efficient)
12098396_network.png,B (Efficient)
12098408_network.png,D (Inefficient)
12104544_network.png,D (Inefficient)
12104618_network.png,D (Inefficient)
12205937_network.png,D (Inefficient)
12217873_network.png,N (No Data)
12264655_network.png,D (Inefficient)
1244164_network.png,N (No Data)
12536068_network.png,D (Inefficient)
12567549_network.png,C (Partially Efficient)
12587078_network.png,D (Inefficient)
1259310_network.png,D (Inefficient)
12624272_network.png,N (No Data)
12660603_network.png,D (Inefficient)
12672239_network.png,C (Partially Efficient)
13314896_network.png,D (Inefficient)
13431301_network.png,B (Efficient)
13489130_network.png,D (Inefficient)
13526483_network.png,D (Inefficient)
13526484_network.png,D (Inefficient)
13530050_network.png,N (No Data)
13533656_network.png,A (Very Efficient)
13535654_network.png,D (Inefficient)
13555417_network.png,N (No Data)
1403276_network.png,B (Efficient)
14108524_network.png,N (No Data)
14402570_network.png,D (Inefficient)
1515233_network.png,C (Partially Efficient)
1523548_network.png,D (Inefficient)
1595528_network.png,D (Inefficient)
1621020_network.png,D (Inefficient)
1646432_network.png,D (Inefficient)
1647001_network.png,D (Inefficient)
1649166_network.png,D (Inefficient)
1665069_network.png,B (Efficient)
16706194_network.png,A (Very Efficient)
16706195_network.png,A (Very Efficient)
16706196_network.png,N (No Data)
16706198_network.png,C (Partially Efficient)
16706199_network.png,D (Inefficient)
16706200_network.png,D (Inefficient)
16707664_network.png,D (Inefficient)
16804257_network.png,B (Efficient)
16816459_network.png,B (Efficient)
16816460_network.png,D (Inefficient)
16816500_network.png,N (No Data)
16821942_network.png,D (Inefficient)
17033328_network.png,D (Inefficient)
17064200_network.png,D (Inefficient)
17644294_network.png,D (Inefficient)
17762350_network.png,D (Inefficient)
17762351_network.png,D (Inefficient)
17762352_network.png,N (No Data)
1906775_network.png,N (No Data)
1944747_network.png,D (Inefficient)
2255638_network.png,D (Inefficient)
2257697_network.png,D (Inefficient)
2262560_network.png,C (Partially Efficient)
2262625_network.png,D (Inefficient)
2433831_network.png,C (Partially Efficient)
2433878_network.png,D (Inefficient)
2535522_network.png,C (Partially Efficient)
2643077_network.png,N (No Data)
2709221_network.png,B (Efficient)
2729967_network.png,D (Inefficient)
2730224_network.png,C (Partially Efficient)
2730265_network.png,C (Partially Efficient)
2788560_network.png,D (Inefficient)
2826296_network.png,N (No Data)
3326576_network.png,A (Very Efficient)
3385806_network.png,D (Inefficient)
3465526_network.png,D (Inefficient)
3469826_network.png,D (Inefficient)
3469839_network.png,C (Partially Efficient)
3494337_network.png,D (Inefficient)
3517733_network.png,D (Inefficient)
3530444_network.png,C (Partially Efficient)
3644110_network.png,D (Inefficient)
3840857_network.png,D (Inefficient)
3871123_network.png,D (Inefficient)
3887432_network.png,D (Inefficient)
3901571_network.png,D (Inefficient)
3918323_network.png,D (Inefficient)
3918423_network.png,D (Inefficient)
3918424_network.png,D (Inefficient)
3918826_network.png,D (Inefficient)
3918828_network.png,D (Inefficient)
3918937_network.png,D (Inefficient)
3918938_network.png,C (Partially Efficient)
3918939_network.png,C (Partially Efficient)
3919005_network.png,D (Inefficient)
3919100_network.png,C (Partially Efficient)
3972966_network.png,C (Partially Efficient)
3973020_network.png,D (Inefficient)
3983685_network.png,B (Efficient)
3983724_network.png,C (Partially Efficient)
3983735_network.png,B (Efficient)
3983748_network.png,C (Partially Efficient)
3988503_network.png,D (Inefficient)
3992206_network.png,D (Inefficient)
3992207_network.png,D (Inefficient)
3994569_network.png,D (Inefficient)
3994576_network.png,C (Partially Efficient)
3994577_network.png,B (Efficient)
4029196_network.png,D (Inefficient)
4069886_network.png,C (Partially Efficient)
4072681_network.png,C (Partially Efficient)
4110200_network.png,D (Inefficient)
415013_network.png,D (Inefficient)
416406_network.png,N (No Data)
418894_network.png,D (Inefficient)
4427830_network.png,D (Inefficient)
4431809_network.png,D (Inefficient)
4431991_network.png,N (No Data)
4432829_network.png,D (Inefficient)
4434847_network.png,D (Inefficient)
4435043_network.png,B (Efficient)
4435968_network.png,B (Efficient)
4436144_network.png,C (Partially Efficient)
4445883_network.png,D (Inefficient)
4446222_network.png,D (Inefficient)
4461225_network.png,C (Partially Efficient)
4462065_network.png,D (Inefficient)
4462142_network.png,D (Inefficient)
4597591_network.png,D (Inefficient)
4685355_network.png,D (Inefficient)
4720620_network.png,D (Inefficient)
4773260_network.png,N (No Data)
5130705_network.png,D (Inefficient)
5135415_network.png,B (Efficient)
5141619_network.png,D (Inefficient)
5145126_network.png,B (Efficient)
5148035_network.png,D (Inefficient)
5151287_network.png,D (Inefficient)
5172976_network.png,C (Partially Efficient)
5172977_network.png,D (Inefficient)
5186694_network.png,B (Efficient)
5198109_network.png,C (Partially Efficient)
5199736_network.png,D (Inefficient)
5223136_network.png,D (Inefficient)
5223289_network.png,D (Inefficient)
5231426_network.png,D (Inefficient)
5268207_network.png,D (Inefficient)
5268208_network.png,D (Inefficient)
5268624_network.png,D (Inefficient)
5322096_network.png,D (Inefficient)
5335599_network.png,B (Efficient)
5357290_network.png,D (Inefficient)
5357462_network.png,D (Inefficient)
537137_network.png,D (Inefficient)
5377908_network.png,D (Inefficient)
540067_network.png,N (No Data)
5608548_network.png,C (Partially Efficient)
5608550_network.png,C (Partially Efficient)
5633362_network.png,C (Partially Efficient)
5832746_network.png,N (No Data)
5836736_network.png,C (Partially Efficient)
5857571_network.png,D (Inefficient)
5909869_network.png,D (Inefficient)
5973735_network.png,D (Inefficient)
5973761_network.png,D (Inefficient)
6002280_network.png,D (Inefficient)
6002327_network.png,D (Inefficient)
6004471_network.png,D (Inefficient)
6004472_network.png,D (Inefficient)
6019084_network.png,D (Inefficient)
6411306_network.png,D (Inefficient)
6427113_network.png,C (Partially Efficient)
6523083_network.png,D (Inefficient)
6577682_network.png,N (No Data)
7079610_network.png,N (No Data)
7128954_network.png,D (Inefficient)
7265735_network.png,D (Inefficient)
7328756_network.png,D (Inefficient)
7328757_network.png,C (Partially Efficient)
7328761_network.png,D (Inefficient)
7333186_network.png,D (Inefficient)
7337367_network.png,D (Inefficient)
7687912_network.png,N (No Data)
7688045_network.png,N (No Data)
7811415_network.png,D (Inefficient)
7817138_network.png,D (Inefficient)
8016473_network.png,D (Inefficient)
8085973_network.png,D (Inefficient)
8086282_network.png,D (Inefficient)
8153748_network.png,D (Inefficient)
8153749_network.png,D (Inefficient)
8167091_network.png,D (Inefficient)
8167095_network.png,D (Inefficient)
8186146_network.png,D (Inefficient)
8186162_network.png,D (Inefficient)
8186165_network.png,D (Inefficient)
8189399_network.png,D (Inefficient)
8217940_network.png,D (Inefficient)
8221367_network.png,D (Inefficient)
8221407_network.png,D (Inefficient)
8297764_network.png,D (Inefficient)
8298165_network.png,C (Partially Efficient)
8298168_network.png,D (Inefficient)
8298172_network.png,D (Inefficient)
8298173_network.png,D (Inefficient)
8332461_network.png,D (Inefficient)
8385889_network.png,D (Inefficient)
8400551_network.png,B (Efficient)
8400552_network.png,D (Inefficient)
8400553_network.png,D (Inefficient)
8630937_network.png,D (Inefficient)
8669334_network.png,D (Inefficient)
8669335_network.png,N (No Data)
8669535_network.png,D (Inefficient)
8733199_network.png,D (Inefficient)
8736477_network.png,C (Partially Efficient)
8748455_network.png,N (No Data)
9091350_network.png,D (Inefficient)
9212802_network.png,D (Inefficient)
9249185_network.png,N (No Data)
9323473_network.png,D (Inefficient)
9325288_network.png,D (Inefficient)
9325547_network.png,B (Efficient)
9325554_network.png,D (Inefficient)
9325681_network.png,A (Very Efficient)
9329514_network.png,D (Inefficient)
9334344_network.png,D (Inefficient)
9334348_network.png,D (Inefficient)
9336159_network.png,D (Inefficient)
9340528_network.png,D (Inefficient)
9340536_network.png,D (Inefficient)
9340653_network.png,D (Inefficient)
9340657_network.png,D (Inefficient)
9340745_network.png,D (Inefficient)
9343383_network.png,D (Inefficient)
9343464_network.png,D (Inefficient)
9343514_network.png,D (Inefficient)
9343521_network.png,N (No Data)
9343540_network.png,D (Inefficient)
9343578_network.png,D (Inefficient)
9345567_network.png,D (Inefficient)
9345577_network.png,D (Inefficient)
9345587_network.png,D (Inefficient)
9345705_network.png,A (Very Efficient)
9346007_network.png,D (Inefficient)
9346052_network.png,D (Inefficient)
9348017_network.png,D (Inefficient)
9348090_network.png,D (Inefficient)
9349787_network.png,D (Inefficient)
9349807_network.png,D (Inefficient)
9354075_network.png,D (Inefficient)
9354097_network.png,C (Partially Efficient)
9356183_network.png,D (Inefficient)
9356194_network.png,D (Inefficient)
9356278_network.png,D (Inefficient)
9356286_network.png,D (Inefficient)
9356324_network.png,D (Inefficient)
9356359_network.png,D (Inefficient)
9356364_network.png,D (Inefficient)
9356373_network.png,D (Inefficient)
9356427_network.png,D (Inefficient)
9356626_network.png,N (No Data)
9356754_network.png,D (Inefficient)
9356993_network.png,D (Inefficient)
9357002_network.png,D (Inefficient)
9357084_network.png,D (Inefficient)
9357093_network.png,D (Inefficient)
9359761_network.png,N (No Data)
9360068_network.png,D (Inefficient)
9360075_network.png,D (Inefficient)
9362008_network.png,D (Inefficient)
9362158_network.png,N (No Data)
9362318_network.png,A (Very Efficient)
9362345_network.png,D (Inefficient)
9362812_network.png,D (Inefficient)
9373258_network.png,D (Inefficient)
9373281_network.png,D (Inefficient)
9373327_network.png,D (Inefficient)
9373343_network.png,D (Inefficient)
9376709_network.png,D (Inefficient)
9377300_network.png,D (Inefficient)
9377556_network.png,D (Inefficient)
9378831_network.png,D (Inefficient)
9380763_network.png,A (Very Efficient)
9386431_network.png,A (Very Efficient)
9386443_network.png,D (Inefficient)
9388969_network.png,D (Inefficient)
9389031_network.png,D (Inefficient)
9390537_network.png,D (Inefficient)
9391520_network.png,D (Inefficient)
9391541_network.png,D (Inefficient)
9393321_network.png,D (Inefficient)
9393406_network.png,D (Inefficient)
9393514_network.png,C (Partially Efficient)
9398525_network.png,D (Inefficient)
9398567_network.png,C (Partially Efficient)
9398621_network.png,D (Inefficient)
9398913_network.png,D (Inefficient)
9398914_network.png,D (Inefficient)
9406515_network.png,D (Inefficient)
9417078_network.png,D (Inefficient)
9418966_network.png,D (Inefficient)
9419184_network.png,N (No Data)
9420010_network.png,D (Inefficient)
9424627_network.png,D (Inefficient)
9430300_network.png,D (Inefficient)
9432780_network.png,D (Inefficient)
9434633_network.png,D (Inefficient)
9435380_network.png,D (Inefficient)
9437365_network.png,D (Inefficient)
9437426_network.png,D (Inefficient)
9446438_network.png,N (No Data)
9446440_network.png,N (No Data)
9446904_network.png,D (Inefficient)
9446970_network.png,D (Inefficient)
9448633_network.png,D (Inefficient)
9449585_network.png,D (Inefficient)
9449681_network.png,D (Inefficient)
9449743_network.png,D (Inefficient)
9449912_network.png,D (Inefficient)
9453728_network.png,D (Inefficient)
9459664_network.png,A (Very Efficient)
9459795_network.png,D (Inefficient)
9459844_network.png,D (Inefficient)
9467344_network.png,C (Partially Efficient)
9468763_network.png,D (Inefficient)
9474498_network.png,D (Inefficient)
9479809_network.png,D (Inefficient)
9479853_network.png,C (Partially Efficient)
9479959_network.png,D (Inefficient)
9482441_network.png,D (Inefficient)
9494407_network.png,D (Inefficient)
9519591_network.png,D (Inefficient)
9519865_network.png,D (Inefficient)
9562367_network.png,D (Inefficient)
9566897_network.png,N (No Data)
9584881_network.png,D (Inefficient)
9585132_network.png,C (Partially Efficient)
9591147_network.png,D (Inefficient)
9591258_network.png,D (Inefficient)
9593685_network.png,C (Partially Efficient)
9598342_network.png,C (Partially Efficient)
9598629_network.png,D (Inefficient)
9627789_network.png,N (No Data)
9630912_network.png,D (Inefficient)
9630914_network.png,N (No Data)
9630915_network.png,C (Partially Efficient)
9633138_network.png,C (Partially Efficient)
9635779_network.png,D (Inefficient)
9638528_network.png,D (Inefficient)
9640689_network.png,D (Inefficient)
9646110_network.png,D (Inefficient)
9664197_network.png,D (Inefficient)
9758255_network.png,B (Efficient)
9796187_network.png,N (No Data)
9802176_network.png,N (No Data)
9818259_network.png,D (Inefficient)
9842492_network.png,D (Inefficient)
9851858_network.png,D (Inefficient)
